-- MySQL dump 10.13  Distrib 5.6.36, for macos10.12 (x86_64)
--
-- Host: foodapp.cjhyi6zrhx8w.sa-east-1.rds.amazonaws.com    Database: foodapp
-- ------------------------------------------------------
-- Server version	5.6.27-log

/*!40101 SET @OLD_CHARACTER_SET_CLIENT=@@CHARACTER_SET_CLIENT */;
/*!40101 SET @OLD_CHARACTER_SET_RESULTS=@@CHARACTER_SET_RESULTS */;
/*!40101 SET @OLD_COLLATION_CONNECTION=@@COLLATION_CONNECTION */;
/*!40101 SET NAMES utf8 */;
/*!40103 SET @OLD_TIME_ZONE=@@TIME_ZONE */;
/*!40103 SET TIME_ZONE='+00:00' */;
/*!40014 SET @OLD_UNIQUE_CHECKS=@@UNIQUE_CHECKS, UNIQUE_CHECKS=0 */;
/*!40014 SET @OLD_FOREIGN_KEY_CHECKS=@@FOREIGN_KEY_CHECKS, FOREIGN_KEY_CHECKS=0 */;
/*!40101 SET @OLD_SQL_MODE=@@SQL_MODE, SQL_MODE='NO_AUTO_VALUE_ON_ZERO' */;
/*!40111 SET @OLD_SQL_NOTES=@@SQL_NOTES, SQL_NOTES=0 */;

--
-- Table structure for table `avaliacao`
--

DROP TABLE IF EXISTS `avaliacao`;
/*!40101 SET @saved_cs_client     = @@character_set_client */;
/*!40101 SET character_set_client = utf8 */;
CREATE TABLE `avaliacao` (
  `id_avaliacao` bigint(20) NOT NULL AUTO_INCREMENT,
  `comentario` varchar(255) DEFAULT NULL,
  `data_avaliacao` datetime DEFAULT NULL,
  `nota` int(11) NOT NULL,
  `id_receiver` bigint(20) NOT NULL,
  `id_sender` bigint(20) NOT NULL,
  PRIMARY KEY (`id_avaliacao`)
) ENGINE=InnoDB AUTO_INCREMENT=23 DEFAULT CHARSET=latin1;
/*!40101 SET character_set_client = @saved_cs_client */;

--
-- Dumping data for table `avaliacao`
--

LOCK TABLES `avaliacao` WRITE;
/*!40000 ALTER TABLE `avaliacao` DISABLE KEYS */;
INSERT INTO `avaliacao` VALUES (1,'Fernanda é muito atenciosa','2017-11-24 22:00:00',5,10,2),(2,NULL,'2017-11-24 22:00:00',4,10,2),(3,NULL,'2017-11-24 22:00:00',4,10,2),(4,NULL,'2017-11-24 22:00:00',4,10,2),(5,'','2017-11-25 16:39:24',5,11,17),(6,'','2017-11-25 16:40:03',4,11,17),(7,'','2017-11-25 16:40:56',5,30,17),(8,'Adoro seus produtos!','2017-11-25 16:43:16',5,30,2),(9,'Trouxe troco :)','2017-11-25 18:33:14',5,17,10),(10,'Adorei vender pra ela, muito simpática!','2017-11-25 19:02:51',5,2,10),(11,'','2017-11-25 19:04:21',5,2,10),(12,'Ótima cliente!','2017-11-28 23:53:45',5,17,10),(13,'Muito atenciosa, e pontual!','2017-11-29 20:28:52',5,10,2),(14,'muito atenciosa!','2017-12-03 18:39:43',5,21,33),(15,'muito simpática!','2017-12-03 18:46:12',5,33,21),(16,'','2017-12-05 18:13:34',5,21,45),(17,'','2017-12-05 21:19:17',5,21,33),(18,'','2017-12-05 21:37:53',5,33,21),(19,'muito legal ','2017-12-05 21:38:44',5,21,33),(20,'muito tranquila, atende muito bem!','2017-12-06 00:30:21',5,21,4),(21,'muito legal ','2017-12-06 17:27:43',5,33,21),(22,'ótima vendedora! muito rápida ','2017-12-06 17:28:05',5,21,33);
/*!40000 ALTER TABLE `avaliacao` ENABLE KEYS */;
UNLOCK TABLES;

--
-- Table structure for table `categoria`
--

DROP TABLE IF EXISTS `categoria`;
/*!40101 SET @saved_cs_client     = @@character_set_client */;
/*!40101 SET character_set_client = utf8 */;
CREATE TABLE `categoria` (
  `id_categoria` bigint(20) NOT NULL AUTO_INCREMENT,
  `descricao` varchar(255) DEFAULT NULL,
  PRIMARY KEY (`id_categoria`),
  UNIQUE KEY `UK_2b57ojcj5l59a6a2v50u4m32v` (`descricao`)
) ENGINE=InnoDB AUTO_INCREMENT=4 DEFAULT CHARSET=latin1;
/*!40101 SET character_set_client = @saved_cs_client */;

--
-- Dumping data for table `categoria`
--

LOCK TABLES `categoria` WRITE;
/*!40000 ALTER TABLE `categoria` DISABLE KEYS */;
INSERT INTO `categoria` VALUES (3,'Bebida'),(1,'Doce'),(2,'Salgado');
/*!40000 ALTER TABLE `categoria` ENABLE KEYS */;
UNLOCK TABLES;

--
-- Table structure for table `cliente`
--

DROP TABLE IF EXISTS `cliente`;
/*!40101 SET @saved_cs_client     = @@character_set_client */;
/*!40101 SET character_set_client = utf8 */;
CREATE TABLE `cliente` (
  `id_cliente` bigint(20) NOT NULL AUTO_INCREMENT,
  `fk_usuario` bigint(20) NOT NULL,
  PRIMARY KEY (`id_cliente`),
  KEY `FK2ul7f9d1gdldx30fo5ha5u16l` (`fk_usuario`),
  CONSTRAINT `FK2ul7f9d1gdldx30fo5ha5u16l` FOREIGN KEY (`fk_usuario`) REFERENCES `usuario` (`id_usuario`)
) ENGINE=InnoDB AUTO_INCREMENT=25 DEFAULT CHARSET=latin1;
/*!40101 SET character_set_client = @saved_cs_client */;

--
-- Dumping data for table `cliente`
--

LOCK TABLES `cliente` WRITE;
/*!40000 ALTER TABLE `cliente` DISABLE KEYS */;
INSERT INTO `cliente` VALUES (1,2),(2,4),(4,7),(5,7),(6,8),(8,16),(9,17),(10,18),(11,19),(12,20),(13,23),(14,33),(17,35),(18,36),(22,41),(23,44),(24,45);
/*!40000 ALTER TABLE `cliente` ENABLE KEYS */;
UNLOCK TABLES;

--
-- Table structure for table `cliente_restricao`
--

DROP TABLE IF EXISTS `cliente_restricao`;
/*!40101 SET @saved_cs_client     = @@character_set_client */;
/*!40101 SET character_set_client = utf8 */;
CREATE TABLE `cliente_restricao` (
  `id_cliente` bigint(20) NOT NULL,
  `id_restricao` bigint(20) NOT NULL,
  PRIMARY KEY (`id_cliente`,`id_restricao`),
  KEY `FKtl7sx0jss88hnanuokwueu5yp` (`id_restricao`),
  CONSTRAINT `FK1jbwl42dh2ca7ofcjnrg6sll5` FOREIGN KEY (`id_cliente`) REFERENCES `cliente` (`id_cliente`),
  CONSTRAINT `FKtl7sx0jss88hnanuokwueu5yp` FOREIGN KEY (`id_restricao`) REFERENCES `restricao_dietetica` (`id_restricao`)
) ENGINE=InnoDB DEFAULT CHARSET=latin1;
/*!40101 SET character_set_client = @saved_cs_client */;

--
-- Dumping data for table `cliente_restricao`
--

LOCK TABLES `cliente_restricao` WRITE;
/*!40000 ALTER TABLE `cliente_restricao` DISABLE KEYS */;
INSERT INTO `cliente_restricao` VALUES (14,1),(18,1),(23,1),(8,2),(14,2),(18,2),(23,2),(2,3),(4,3),(5,3),(10,3),(1,4),(2,4),(11,4),(23,5),(9,6),(17,6),(22,6),(1,7),(6,7),(22,8),(1,9),(6,9),(12,9),(13,9),(18,9),(22,9),(23,9);
/*!40000 ALTER TABLE `cliente_restricao` ENABLE KEYS */;
UNLOCK TABLES;

--
-- Table structure for table `cliente_tag`
--

DROP TABLE IF EXISTS `cliente_tag`;
/*!40101 SET @saved_cs_client     = @@character_set_client */;
/*!40101 SET character_set_client = utf8 */;
CREATE TABLE `cliente_tag` (
  `id_cliente` bigint(20) NOT NULL,
  `id_tag` bigint(20) NOT NULL,
  PRIMARY KEY (`id_cliente`,`id_tag`),
  KEY `FKj59ss9rvjgmfo0j3gocnniao7` (`id_tag`),
  CONSTRAINT `FKhohekn9afaq4rjn45xxuech0d` FOREIGN KEY (`id_cliente`) REFERENCES `cliente` (`id_cliente`),
  CONSTRAINT `FKj59ss9rvjgmfo0j3gocnniao7` FOREIGN KEY (`id_tag`) REFERENCES `tag` (`id_tag`)
) ENGINE=InnoDB DEFAULT CHARSET=latin1;
/*!40101 SET character_set_client = @saved_cs_client */;

--
-- Dumping data for table `cliente_tag`
--

LOCK TABLES `cliente_tag` WRITE;
/*!40000 ALTER TABLE `cliente_tag` DISABLE KEYS */;
INSERT INTO `cliente_tag` VALUES (1,1),(1,2),(1,3),(1,4),(1,5),(1,6),(1,7),(1,8),(1,9),(1,10),(2,22),(2,23),(17,23),(2,24),(2,25),(14,25),(2,26),(2,27),(2,28),(4,36),(5,36),(4,37),(5,37),(4,38),(5,38),(4,39),(5,39),(4,40),(5,40),(4,41),(5,41),(4,42),(5,42),(4,43),(5,43),(6,44),(6,45),(14,45),(23,45),(6,46),(13,46),(6,47),(6,48),(6,49),(13,49),(14,49),(6,50),(6,51),(6,52),(13,52),(14,52),(18,52),(22,52),(23,52),(24,52),(8,84),(8,85),(8,88),(18,88),(9,90),(9,91),(9,94),(9,95),(9,96),(10,97),(10,98),(10,99),(10,100),(10,101),(11,102),(11,103),(8,104),(11,104),(11,105),(11,106),(12,107),(12,108),(12,109),(12,110),(12,111),(14,156),(18,156),(17,169),(17,170),(17,171),(17,172),(17,173),(22,186),(23,187),(23,188),(23,189),(23,190),(8,201),(8,202),(8,203);
/*!40000 ALTER TABLE `cliente_tag` ENABLE KEYS */;
UNLOCK TABLES;

--
-- Table structure for table `denuncia`
--

DROP TABLE IF EXISTS `denuncia`;
/*!40101 SET @saved_cs_client     = @@character_set_client */;
/*!40101 SET character_set_client = utf8 */;
CREATE TABLE `denuncia` (
  `id_denuncia` bigint(20) NOT NULL AUTO_INCREMENT,
  `data_denuncia` datetime DEFAULT NULL,
  `id_denunciador` bigint(20) NOT NULL,
  `motivo` varchar(255) NOT NULL,
  `id_reportado` bigint(20) NOT NULL,
  PRIMARY KEY (`id_denuncia`)
) ENGINE=InnoDB AUTO_INCREMENT=10 DEFAULT CHARSET=latin1;
/*!40101 SET character_set_client = @saved_cs_client */;

--
-- Dumping data for table `denuncia`
--

LOCK TABLES `denuncia` WRITE;
/*!40000 ALTER TABLE `denuncia` DISABLE KEYS */;
INSERT INTO `denuncia` VALUES (1,'2017-11-20 12:41:04',33,'bla',21),(2,'2017-11-20 12:56:55',21,'teste',10),(3,'2017-11-20 13:00:40',21,'assassins Annanjsha  hahahajjs JavaBeans  hahaha mahan',17),(4,'2017-11-20 13:27:06',2,'Chegou atrasada, me deixou esperando, não gostei. Ahhhhhhhhhhhhhhhhhhhhhhhhhhhhhhhhhhhhhhhhhhhhhhhhhhhhhhhhhhhhhhhhhhhhhhhhhhhhhhhhhhhhhhhhhhhhhhhhhhhhhhhhhhhhhhhhhhhhhhhh que raivaaaaaaaaaaaaaaaaaaaaaa!!!!!!!!!!!!!!!!!!!!!!!!!!!!!!!!!!!!!!!!!!!aaaaaaaaaa',30),(5,'2017-11-20 13:40:17',30,'FOi em lugar diferente do que combinamos, ainda por cima de difamou dizendo que eu atrasei. Não gostei da maneira como me tratou. aghhh que raivaaa, que nervooousooooooooooooooooooooooooooooooooooooooooooooooooooooooooooooooooooooooooooooooooooooooooooooo',2),(6,'2017-11-20 15:48:33',2,'Não gostei, se atrasou, me deixou esperando.',30),(7,'2017-11-20 15:48:47',2,'aaa',30),(8,'2017-11-21 19:25:55',33,'Comida estragada',10),(9,'2017-11-21 21:28:40',33,'',21);
/*!40000 ALTER TABLE `denuncia` ENABLE KEYS */;
UNLOCK TABLES;

--
-- Table structure for table `galeria`
--

DROP TABLE IF EXISTS `galeria`;
/*!40101 SET @saved_cs_client     = @@character_set_client */;
/*!40101 SET character_set_client = utf8 */;
CREATE TABLE `galeria` (
  `id_galeria` bigint(20) NOT NULL AUTO_INCREMENT,
  `imagem` varchar(255) DEFAULT NULL,
  `fk_produto` bigint(20) NOT NULL,
  PRIMARY KEY (`id_galeria`),
  KEY `FKinap5i6xvs1cal8n9vil4ei3j` (`fk_produto`),
  CONSTRAINT `FKinap5i6xvs1cal8n9vil4ei3j` FOREIGN KEY (`fk_produto`) REFERENCES `produto` (`id_produto`)
) ENGINE=InnoDB DEFAULT CHARSET=latin1;
/*!40101 SET character_set_client = @saved_cs_client */;

--
-- Dumping data for table `galeria`
--

LOCK TABLES `galeria` WRITE;
/*!40000 ALTER TABLE `galeria` DISABLE KEYS */;
/*!40000 ALTER TABLE `galeria` ENABLE KEYS */;
UNLOCK TABLES;

--
-- Table structure for table `ingrediente`
--

DROP TABLE IF EXISTS `ingrediente`;
/*!40101 SET @saved_cs_client     = @@character_set_client */;
/*!40101 SET character_set_client = utf8 */;
CREATE TABLE `ingrediente` (
  `id_ingrediente` bigint(20) NOT NULL AUTO_INCREMENT,
  `item` varchar(100) NOT NULL,
  PRIMARY KEY (`id_ingrediente`)
) ENGINE=InnoDB AUTO_INCREMENT=82 DEFAULT CHARSET=latin1;
/*!40101 SET character_set_client = @saved_cs_client */;

--
-- Dumping data for table `ingrediente`
--

LOCK TABLES `ingrediente` WRITE;
/*!40000 ALTER TABLE `ingrediente` DISABLE KEYS */;
INSERT INTO `ingrediente` VALUES (1,'chocolate'),(2,'cremedeleite'),(3,'granulado'),(4,'leitecondensado'),(5,'manteiga'),(6,'farinha'),(7,'tomate'),(8,'palmito'),(9,'ovos'),(10,'açúcar'),(11,'catupiry'),(12,'frango'),(13,'ovo'),(14,'queijo'),(15,'oleo'),(16,'gelatina'),(17,'kiwi'),(18,'pêra'),(19,'maçã'),(20,'laranja'),(21,'abacaxi'),(22,'morango'),(23,'pepino'),(24,'milho'),(25,'alface'),(26,'cenoura'),(27,'canela'),(28,'coco'),(29,'doce-de-leite'),(30,'leite-condensado'),(31,'bolacha'),(32,'limão'),(33,'ameixa'),(36,'creme-de-leite'),(37,'maracujá'),(38,'frutas'),(39,'biscoito'),(40,'leite'),(41,'vermelhas'),(47,'cacau'),(48,'leiteDeCoco'),(49,'açúcarDemerara'),(50,'abacate'),(51,'farinhaDeArroz'),(52,'avelã'),(53,'corante-vermelho'),(54,'chocolate-em-po'),(55,'massaPastel'),(56,'cremeDeLeiteDeSoja'),(57,'sal'),(58,'molhoDeTomate'),(59,'queijoVegano'),(60,'abobrinha'),(61,'manjericão'),(62,'proteinaDeSoja'),(63,'azeite'),(64,'chocolateMeioAmargo'),(65,'leiteDeSoja'),(66,'cocoRalado'),(67,'óleoDeCoco'),(68,'amêndoas'),(69,'trigo'),(70,'essenciabaunilha'),(71,'tapioca'),(72,'carneseca'),(73,'beiju'),(74,'cereal'),(75,'banana'),(76,'nozes');
/*!40000 ALTER TABLE `ingrediente` ENABLE KEYS */;
UNLOCK TABLES;

--
-- Table structure for table `localizacao`
--

DROP TABLE IF EXISTS `localizacao`;
/*!40101 SET @saved_cs_client     = @@character_set_client */;
/*!40101 SET character_set_client = utf8 */;
CREATE TABLE `localizacao` (
  `id` bigint(20) NOT NULL AUTO_INCREMENT,
  `altitude` float NOT NULL,
  `horario` datetime NOT NULL,
  `latitude` float NOT NULL,
  `longitude` float NOT NULL,
  `precisao_mts` int(11) NOT NULL,
  `fk_usuario` bigint(20) NOT NULL,
  PRIMARY KEY (`id`),
  KEY `FKbq7outr2v8xe5ixtiap7nqb1g` (`fk_usuario`),
  CONSTRAINT `FKbq7outr2v8xe5ixtiap7nqb1g` FOREIGN KEY (`fk_usuario`) REFERENCES `usuario` (`id_usuario`)
) ENGINE=InnoDB AUTO_INCREMENT=2763 DEFAULT CHARSET=latin1;
/*!40101 SET character_set_client = @saved_cs_client */;

--
-- Dumping data for table `localizacao`
--

LOCK TABLES `localizacao` WRITE;
/*!40000 ALTER TABLE `localizacao` DISABLE KEYS */;
INSERT INTO `localizacao` VALUES (1626,0,'2017-11-21 19:23:22',-22.8324,-47.0506,26,10),(1628,0,'2017-11-21 19:24:23',-22.8324,-47.0506,26,10),(1630,0,'2017-11-21 19:25:23',-22.8324,-47.0506,26,10),(1632,0,'2017-11-21 19:26:22',-22.8324,-47.0506,23,10),(1635,0,'2017-11-21 19:28:25',-22.8324,-47.0506,23,10),(1637,0,'2017-11-21 19:29:26',-22.8324,-47.0506,23,10),(1639,0,'2017-11-21 19:30:37',-22.8324,-47.0506,23,10),(1641,0,'2017-11-21 19:31:43',-22.8324,-47.0506,23,10),(1643,0,'2017-11-21 19:32:43',-22.8324,-47.0506,23,10),(1647,0,'2017-11-21 19:35:50',-22.8324,-47.0506,23,10),(1648,0,'2017-11-21 19:37:24',-22.8324,-47.0506,19,10),(1649,0,'2017-11-21 19:38:23',-22.8324,-47.0506,19,10),(1650,0,'2017-11-21 19:39:23',-22.8324,-47.0506,19,10),(1651,0,'2017-11-21 19:40:22',-22.8324,-47.0506,19,10),(1652,0,'2017-11-21 19:42:06',-22.8324,-47.0506,19,10),(1653,0,'2017-11-21 19:43:20',-22.8324,-47.0506,19,10),(1654,0,'2017-11-21 19:44:18',-22.8324,-47.0506,19,10),(1655,0,'2017-11-21 19:45:10',-22.8324,-47.0506,19,10),(1656,0,'2017-11-21 19:48:41',-22.8324,-47.0506,19,10),(1657,0,'2017-11-21 19:48:41',-22.8324,-47.0506,19,10),(1669,0,'2017-11-21 20:25:01',-22.8449,-47.0417,1200,10),(1670,15.0444,'2017-11-21 20:31:05',65.9667,-18.5333,1,14),(1671,15.0444,'2017-11-21 20:31:06',65.9667,-18.5333,1,14),(1672,15.0444,'2017-11-21 20:32:05',65.9667,-18.5333,1,14),(1673,15.0444,'2017-11-21 20:32:06',65.9667,-18.5333,1,14),(1674,15.0444,'2017-11-21 20:33:05',65.9667,-18.5333,1,14),(1675,15.0444,'2017-11-21 20:33:06',65.9667,-18.5333,1,14),(1676,15.0444,'2017-11-21 20:34:05',65.9667,-18.5333,1,14),(1677,15.0444,'2017-11-21 20:34:06',65.9667,-18.5333,1,14),(1678,15.0444,'2017-11-21 20:35:05',65.9667,-18.5333,1,14),(1679,15.0444,'2017-11-21 20:35:06',65.9667,-18.5333,1,14),(1680,15.0444,'2017-11-21 20:36:05',65.9667,-18.5333,1,14),(1681,15.0444,'2017-11-21 20:36:06',65.9667,-18.5333,1,14),(1682,15.0444,'2017-11-21 20:37:05',65.9667,-18.5333,1,14),(1683,15.0444,'2017-11-21 20:37:06',65.9667,-18.5333,1,14),(1684,15.0444,'2017-11-21 20:38:05',65.9667,-18.5333,1,14),(1685,15.0444,'2017-11-21 20:38:06',65.9667,-18.5333,1,14),(1686,15.0444,'2017-11-21 20:39:05',65.9667,-18.5333,1,14),(1687,15.0444,'2017-11-21 20:39:06',65.9667,-18.5333,1,14),(1688,15.0444,'2017-11-21 20:40:05',65.9667,-18.5333,1,14),(1689,15.0444,'2017-11-21 20:40:06',65.9667,-18.5333,1,14),(1690,15.0444,'2017-11-21 20:41:05',65.9667,-18.5333,1,14),(1691,15.0444,'2017-11-21 20:41:06',65.9667,-18.5333,1,14),(1692,15.0444,'2017-11-21 20:42:05',65.9667,-18.5333,1,14),(1693,15.0444,'2017-11-21 20:42:06',65.9667,-18.5333,1,14),(1694,15.0444,'2017-11-21 20:43:05',65.9667,-18.5333,1,14),(1695,15.0444,'2017-11-21 20:43:06',65.9667,-18.5333,1,14),(1696,15.0444,'2017-11-21 20:44:05',65.9667,-18.5333,1,14),(1697,15.0444,'2017-11-21 20:44:06',65.9667,-18.5333,1,14),(1698,15.0444,'2017-11-21 20:45:05',65.9667,-18.5333,1,14),(1699,15.0444,'2017-11-21 20:45:06',65.9667,-18.5333,1,14),(1700,15.0444,'2017-11-21 20:46:05',65.9667,-18.5333,1,14),(1701,15.0444,'2017-11-21 20:46:06',65.9667,-18.5333,1,14),(1702,15.0444,'2017-11-21 20:46:12',65.9667,-18.5333,1,14),(1703,15.0444,'2017-11-21 20:46:12',65.9667,-18.5333,1,14),(1704,15.0444,'2017-11-21 20:47:05',65.9667,-18.5333,1,14),(1705,15.0444,'2017-11-21 20:47:06',65.9667,-18.5333,1,14),(1706,15.0444,'2017-11-21 20:48:05',65.9667,-18.5333,1,14),(1707,15.0444,'2017-11-21 20:48:06',65.9667,-18.5333,1,14),(1708,15.0444,'2017-11-21 20:49:05',65.9667,-18.5333,1,14),(1709,15.0444,'2017-11-21 20:49:06',65.9667,-18.5333,1,14),(1710,15.0444,'2017-11-21 20:50:05',65.9667,-18.5333,1,14),(1711,15.0444,'2017-11-21 20:50:06',65.9667,-18.5333,1,14),(1712,0,'2017-11-21 20:50:21',-22.8321,-47.0506,20,10),(1713,15.0444,'2017-11-21 20:51:05',65.9667,-18.5333,1,14),(1714,15.0444,'2017-11-21 20:51:06',65.9667,-18.5333,1,14),(1715,15.0444,'2017-11-21 20:52:05',65.9667,-18.5333,1,14),(1716,15.0444,'2017-11-21 20:52:06',65.9667,-18.5333,1,14),(1717,15.0444,'2017-11-21 20:53:05',65.9667,-18.5333,1,14),(1718,15.0444,'2017-11-21 20:53:06',65.9667,-18.5333,1,14),(1719,0,'2017-11-21 20:54:03',-22.8321,-47.0506,20,10),(1720,15.0444,'2017-11-21 20:54:05',65.9667,-18.5333,1,14),(1721,15.0444,'2017-11-21 20:54:06',65.9667,-18.5333,1,14),(1722,15.0444,'2017-11-21 20:55:05',65.9667,-18.5333,1,14),(1723,15.0444,'2017-11-21 20:55:06',65.9667,-18.5333,1,14),(1724,15.0444,'2017-11-21 20:56:05',65.9667,-18.5333,1,14),(1725,15.0444,'2017-11-21 20:56:06',65.9667,-18.5333,1,14),(1726,15.0444,'2017-11-21 20:57:05',65.9667,-18.5333,1,14),(1727,15.0444,'2017-11-21 20:57:06',65.9667,-18.5333,1,14),(1728,15.0444,'2017-11-21 20:58:05',65.9667,-18.5333,1,14),(1729,15.0444,'2017-11-21 20:58:06',65.9667,-18.5333,1,14),(1730,15.0444,'2017-11-21 20:59:05',65.9667,-18.5333,1,14),(1731,15.0444,'2017-11-21 20:59:06',65.9667,-18.5333,1,14),(1732,15.0444,'2017-11-21 21:00:06',65.9667,-18.5333,1,14),(1733,15.0444,'2017-11-21 21:00:07',65.9667,-18.5333,1,14),(1734,15.0444,'2017-11-21 21:01:05',65.9667,-18.5333,1,14),(1735,15.0444,'2017-11-21 21:01:06',65.9667,-18.5333,1,14),(1736,693.4,'2017-11-21 21:01:22',-22.832,-47.0506,22,10),(1737,693.4,'2017-11-21 21:01:50',-22.832,-47.0506,22,10),(1738,15.0444,'2017-11-21 21:02:05',65.9667,-18.5333,1,14),(1739,15.0444,'2017-11-21 21:02:07',65.9667,-18.5333,1,14),(1740,693.4,'2017-11-21 21:02:22',-22.832,-47.0506,22,10),(1741,693.4,'2017-11-21 21:02:50',-22.832,-47.0506,22,10),(1742,15.0444,'2017-11-21 21:03:05',65.9667,-18.5333,1,14),(1743,15.0444,'2017-11-21 21:03:06',65.9667,-18.5333,1,14),(1744,693.4,'2017-11-21 21:03:22',-22.8321,-47.0506,20,10),(1745,693.4,'2017-11-21 21:03:50',-22.8321,-47.0506,20,10),(1746,15.0444,'2017-11-21 21:04:05',65.9667,-18.5333,1,14),(1747,15.0444,'2017-11-21 21:04:06',65.9667,-18.5333,1,14),(1748,693.4,'2017-11-21 21:04:22',-22.8321,-47.0506,20,10),(1749,693.4,'2017-11-21 21:04:50',-22.8321,-47.0506,20,10),(1750,15.0444,'2017-11-21 21:05:05',65.9667,-18.5333,1,14),(1751,15.0444,'2017-11-21 21:05:07',65.9667,-18.5333,1,14),(1752,693.7,'2017-11-21 21:05:22',-22.8321,-47.0506,20,10),(1753,693.7,'2017-11-21 21:05:50',-22.8321,-47.0506,20,10),(1754,15.0444,'2017-11-21 21:06:05',65.9667,-18.5333,1,14),(1755,15.0444,'2017-11-21 21:06:06',65.9667,-18.5333,1,14),(1756,693.7,'2017-11-21 21:06:22',-22.8321,-47.0506,20,10),(1757,693.7,'2017-11-21 21:06:50',-22.8321,-47.0506,20,10),(1758,15.0444,'2017-11-21 21:07:06',65.9667,-18.5333,1,14),(1759,15.0444,'2017-11-21 21:07:08',65.9667,-18.5333,1,14),(1760,693.7,'2017-11-21 21:07:22',-22.8321,-47.0506,19,10),(1761,693.7,'2017-11-21 21:07:50',-22.8321,-47.0506,19,10),(1762,693.7,'2017-11-21 21:08:22',-22.8321,-47.0506,19,10),(1763,693.7,'2017-11-21 21:08:50',-22.8321,-47.0506,19,10),(1764,693.7,'2017-11-21 21:09:22',-22.832,-47.0506,20,10),(1765,15.0444,'2017-11-21 21:09:35',65.9667,-18.5333,1,14),(1766,15.0444,'2017-11-21 21:09:36',65.9667,-18.5333,1,14),(1767,693.7,'2017-11-21 21:09:50',-22.832,-47.0506,20,10),(1768,693.7,'2017-11-21 21:10:22',-22.832,-47.0506,20,10),(1769,0,'2017-11-21 21:10:57',-22.8321,-47.0506,19,10),(1770,0,'2017-11-21 21:14:56',-22.8319,-47.0506,21,10),(1771,0,'2017-11-21 21:15:55',-22.8321,-47.0506,20,10),(1772,0,'2017-11-21 21:18:05',-22.832,-47.0506,19,10),(1773,0,'2017-11-21 21:19:05',-22.832,-47.0506,19,10),(1774,0,'2017-11-21 21:19:18',-22.832,-47.0506,19,10),(1775,0,'2017-11-21 21:20:05',-22.832,-47.0506,20,10),(1776,0,'2017-11-21 21:20:18',-22.832,-47.0506,20,10),(1777,0,'2017-11-21 21:21:05',-22.832,-47.0506,20,10),(1778,0,'2017-11-21 21:21:18',-22.832,-47.0506,20,10),(1779,0,'2017-11-21 21:22:05',-22.8319,-47.0506,20,10),(1780,0,'2017-11-21 21:22:18',-22.8319,-47.0506,20,10),(1781,0,'2017-11-21 21:23:05',-22.8319,-47.0506,20,10),(1782,0,'2017-11-21 21:23:18',-22.8319,-47.0506,20,10),(1783,0,'2017-11-21 21:24:05',-22.832,-47.0506,20,10),(1784,0,'2017-11-21 21:24:18',-22.832,-47.0506,20,10),(1785,0,'2017-11-21 21:25:05',-22.8319,-47.0506,20,10),(1786,0,'2017-11-21 21:25:18',-22.8319,-47.0506,20,10),(1787,15.0444,'2017-11-21 21:25:18',65.9667,-18.5333,1,14),(1788,15.0444,'2017-11-21 21:25:19',65.9667,-18.5333,1,14),(1789,0,'2017-11-21 21:25:29',-22.8319,-47.0506,20,21),(1790,0,'2017-11-21 21:26:05',-22.8319,-47.0506,20,10),(1791,0,'2017-11-21 21:26:18',-22.8319,-47.0506,20,10),(1792,15.0444,'2017-11-21 21:26:18',65.9667,-18.5333,1,14),(1793,15.0444,'2017-11-21 21:26:19',65.9667,-18.5333,1,14),(1794,0,'2017-11-21 21:26:29',-22.8319,-47.0506,20,21),(1795,0,'2017-11-21 21:27:05',-22.832,-47.0507,20,10),(1796,0,'2017-11-21 21:27:18',-22.832,-47.0507,20,10),(1797,15.0444,'2017-11-21 21:27:18',65.9667,-18.5333,1,14),(1798,15.0444,'2017-11-21 21:27:19',65.9667,-18.5333,1,14),(1799,0,'2017-11-21 21:27:29',-22.832,-47.0507,20,21),(1800,0,'2017-11-21 21:28:05',-22.832,-47.0507,20,10),(1801,0,'2017-11-21 21:28:18',-22.832,-47.0507,20,10),(1802,15.0444,'2017-11-21 21:28:18',65.9667,-18.5333,1,14),(1803,15.0444,'2017-11-21 21:28:19',65.9667,-18.5333,1,14),(1804,0,'2017-11-21 21:28:29',-22.832,-47.0507,20,21),(1805,0,'2017-11-21 21:29:05',-22.832,-47.0506,20,10),(1806,0,'2017-11-21 21:29:18',-22.832,-47.0506,19,10),(1807,15.0444,'2017-11-21 21:29:18',65.9667,-18.5333,1,14),(1808,15.0444,'2017-11-21 21:29:19',65.9667,-18.5333,1,14),(1809,0,'2017-11-21 21:29:29',-22.832,-47.0506,19,21),(1810,0,'2017-11-21 21:30:05',-22.832,-47.0506,20,10),(1811,0,'2017-11-21 21:30:18',-22.832,-47.0506,20,10),(1812,15.0444,'2017-11-21 21:30:18',65.9667,-18.5333,1,14),(1813,15.0444,'2017-11-21 21:30:19',65.9667,-18.5333,1,14),(1814,0,'2017-11-21 21:30:29',-22.832,-47.0506,20,21),(1815,0,'2017-11-21 21:31:05',-22.832,-47.0506,20,10),(1816,0,'2017-11-21 21:31:18',-22.832,-47.0506,20,10),(1817,15.0444,'2017-11-21 21:31:18',65.9667,-18.5333,1,14),(1818,15.0444,'2017-11-21 21:31:19',65.9667,-18.5333,1,14),(1819,15.0444,'2017-11-21 21:32:18',65.9667,-18.5333,1,14),(1820,15.0444,'2017-11-21 21:32:19',65.9667,-18.5333,1,14),(1821,693.7,'2017-11-21 21:32:23',-22.832,-47.0507,20,10),(1822,693.7,'2017-11-21 21:33:09',-22.832,-47.0507,20,10),(1823,693.7,'2017-11-21 21:33:23',-22.832,-47.0507,20,10),(1824,693.7,'2017-11-21 21:34:09',-22.832,-47.0507,20,10),(1825,693.7,'2017-11-21 21:34:23',-22.832,-47.0507,20,10),(1826,693.4,'2017-11-21 21:35:09',-22.832,-47.0507,20,10),(1827,693.4,'2017-11-21 21:35:23',-22.832,-47.0507,20,10),(1828,693.4,'2017-11-21 21:36:09',-22.832,-47.0507,20,10),(1829,693.4,'2017-11-21 21:36:23',-22.832,-47.0507,20,10),(1830,693.4,'2017-11-21 21:37:09',-22.832,-47.0507,19,10),(1831,693.4,'2017-11-21 21:37:23',-22.832,-47.0507,19,10),(1832,15.0444,'2017-11-21 21:41:58',65.9667,-18.5333,1,14),(1833,15.0444,'2017-11-21 21:41:58',65.9667,-18.5333,1,14),(1834,693.4,'2017-11-21 21:45:46',-22.8321,-47.0506,19,10),(1835,693.4,'2017-11-21 21:45:46',-22.8321,-47.0506,19,10),(1836,15.0444,'2017-11-21 21:48:01',65.9667,-18.5333,1,14),(1837,15.0444,'2017-11-21 21:48:02',65.9667,-18.5333,1,14),(1838,15.0444,'2017-11-21 21:49:00',65.9667,-18.5333,1,14),(1839,15.0444,'2017-11-21 21:49:01',65.9667,-18.5333,1,14),(1840,0,'2017-11-21 21:49:12',-22.8321,-47.0506,19,21),(1841,0,'2017-11-21 21:49:12',-22.8321,-47.0506,19,10),(1842,0,'2017-11-21 21:49:12',-22.8321,-47.0506,19,10),(1843,15.0444,'2017-11-21 21:52:17',65.9667,-18.5333,1,14),(1844,15.0444,'2017-11-21 21:52:18',65.9667,-18.5333,1,14),(1845,0,'2017-11-22 00:47:05',-22.7478,-46.9133,20,10),(1846,0,'2017-11-22 00:48:05',-22.7478,-46.9133,20,10),(1847,0,'2017-11-22 00:49:05',-22.7478,-46.9133,20,10),(1848,0,'2017-11-22 12:05:59',-22.8655,-47.0219,18,10),(1849,0,'2017-11-22 12:06:59',-22.8655,-47.0219,18,10),(1850,15.0444,'2017-11-24 18:24:43',65.9667,-18.5333,1,14),(1851,15.0444,'2017-11-24 18:25:43',65.9667,-18.5333,1,14),(1852,15.0444,'2017-11-24 18:26:43',65.9667,-18.5333,1,14),(1853,15.0444,'2017-11-24 18:27:43',65.9667,-18.5333,1,14),(1854,15.0444,'2017-11-24 18:28:43',65.9667,-18.5333,1,14),(1855,15.0444,'2017-11-24 18:29:43',65.9667,-18.5333,1,14),(1856,15.0444,'2017-11-24 18:30:43',65.9667,-18.5333,1,14),(1857,15.0444,'2017-11-24 18:31:43',65.9667,-18.5333,1,14),(1858,15.0444,'2017-11-24 18:32:43',65.9667,-18.5333,1,14),(1859,15.0444,'2017-11-24 18:33:43',65.9667,-18.5333,1,14),(1860,15.0444,'2017-11-24 18:34:43',65.9667,-18.5333,1,14),(1861,15.0444,'2017-11-24 18:35:43',65.9667,-18.5333,1,14),(1862,15.0444,'2017-11-24 18:36:43',65.9667,-18.5333,1,14),(1863,15.0444,'2017-11-24 18:37:43',65.9667,-18.5333,1,14),(1864,15.0444,'2017-11-24 18:38:43',65.9667,-18.5333,1,14),(1865,15.0444,'2017-11-24 18:39:43',65.9667,-18.5333,1,14),(1866,15.0444,'2017-11-24 18:40:43',65.9667,-18.5333,1,14),(1867,15.0444,'2017-11-24 18:41:43',65.9667,-18.5333,1,14),(1868,15.0444,'2017-11-24 18:42:43',65.9667,-18.5333,1,14),(1869,15.0444,'2017-11-24 18:43:43',65.9667,-18.5333,1,14),(1870,15.0444,'2017-11-24 18:44:43',65.9667,-18.5333,1,14),(1871,15.0444,'2017-11-24 18:45:43',65.9667,-18.5333,1,14),(1872,15.0444,'2017-11-24 18:46:43',65.9667,-18.5333,1,14),(1873,15.0444,'2017-11-24 18:47:43',65.9667,-18.5333,1,14),(1874,15.0444,'2017-11-24 18:48:43',65.9667,-18.5333,1,14),(1875,15.0444,'2017-11-24 18:49:43',65.9667,-18.5333,1,14),(1876,15.0444,'2017-11-24 18:50:44',65.9667,-18.5333,1,14),(1877,15.0444,'2017-11-24 18:51:44',65.9667,-18.5333,1,14),(1878,15.0444,'2017-11-24 18:52:44',65.9667,-18.5333,1,14),(1879,15.0444,'2017-11-24 18:53:44',65.9667,-18.5333,1,14),(1880,15.0444,'2017-11-24 18:54:44',65.9667,-18.5333,1,14),(1881,15.0444,'2017-11-24 18:55:44',65.9667,-18.5333,1,14),(1882,15.0444,'2017-11-24 18:56:44',65.9667,-18.5333,1,14),(1883,15.0444,'2017-11-24 20:56:36',65.9667,-18.5333,1,14),(1884,15.0444,'2017-11-24 20:57:37',65.9667,-18.5333,1,14),(1885,15.0444,'2017-11-24 20:58:36',65.9667,-18.5333,1,14),(1886,15.0444,'2017-11-24 20:59:37',65.9667,-18.5333,1,14),(1887,15.0444,'2017-11-24 21:00:36',65.9667,-18.5333,1,14),(1888,15.0444,'2017-11-24 21:14:19',65.9667,-18.5333,1,14),(1889,15.0444,'2017-11-24 21:15:19',65.9667,-18.5333,1,14),(1890,15.0444,'2017-11-24 21:16:19',65.9667,-18.5333,1,14),(1891,15.0444,'2017-11-24 21:17:19',65.9667,-18.5333,1,14),(1892,15.0444,'2017-11-24 21:18:19',65.9667,-18.5333,1,14),(1893,15.0444,'2017-11-24 21:19:19',65.9667,-18.5333,1,14),(1894,693.7,'2017-11-24 21:19:41',-22.832,-47.0507,19,10),(1895,693.7,'2017-11-24 21:19:53',-22.832,-47.0507,19,10),(1896,15.0444,'2017-11-24 21:20:19',65.9667,-18.5333,1,14),(1897,15.0444,'2017-11-24 21:21:19',65.9667,-18.5333,1,14),(1898,693.7,'2017-11-24 21:21:30',-22.832,-47.0507,19,10),(1899,693.7,'2017-11-24 21:21:30',-22.832,-47.0507,19,10),(1900,15.0444,'2017-11-24 21:22:19',65.9667,-18.5333,1,14),(1901,15.0444,'2017-11-24 21:23:19',65.9667,-18.5333,1,14),(1902,15.0444,'2017-11-24 21:24:19',65.9667,-18.5333,1,14),(1903,15.0444,'2017-11-24 21:33:48',65.9667,-18.5333,1,14),(1904,15.0444,'2017-11-24 21:34:48',65.9667,-18.5333,1,14),(1905,15.0444,'2017-11-24 21:35:48',65.9667,-18.5333,1,14),(1906,15.0444,'2017-11-24 21:36:48',65.9667,-18.5333,1,14),(1907,15.0444,'2017-11-24 21:37:48',65.9667,-18.5333,1,14),(1908,15.0444,'2017-11-24 21:40:41',65.9667,-18.5333,1,14),(1909,15.0444,'2017-11-24 21:41:41',65.9667,-18.5333,1,14),(1910,15.0444,'2017-11-24 21:42:41',65.9667,-18.5333,1,14),(1911,15.0444,'2017-11-24 21:43:41',65.9667,-18.5333,1,14),(1912,15.0444,'2017-11-24 21:47:37',65.9667,-18.5333,1,14),(1913,15.0444,'2017-11-24 21:47:37',65.9667,-18.5333,1,14),(1914,15.0444,'2017-11-24 21:47:37',65.9667,-18.5333,1,14),(1915,15.0444,'2017-11-24 21:47:41',65.9667,-18.5333,1,14),(1916,15.0444,'2017-11-24 21:48:41',65.9667,-18.5333,1,14),(1917,15.0444,'2017-11-24 21:49:41',65.9667,-18.5333,1,14),(1918,15.0444,'2017-11-24 21:50:41',65.9667,-18.5333,1,14),(1919,15.0444,'2017-11-24 21:51:41',65.9667,-18.5333,1,14),(1920,15.0444,'2017-11-24 21:52:41',65.9667,-18.5333,1,14),(1921,15.0444,'2017-11-24 21:53:41',65.9667,-18.5333,1,14),(1922,15.0444,'2017-11-24 21:54:41',65.9667,-18.5333,1,14),(1923,15.0444,'2017-11-24 21:55:41',65.9667,-18.5333,1,14),(1924,15.0444,'2017-11-24 21:56:41',65.9667,-18.5333,1,14),(1925,15.0444,'2017-11-24 21:57:41',65.9667,-18.5333,1,14),(1926,15.0444,'2017-11-24 21:58:41',65.9667,-18.5333,1,14),(1927,15.0444,'2017-11-24 21:59:41',65.9667,-18.5333,1,14),(1928,15.0444,'2017-11-24 22:00:41',65.9667,-18.5333,1,14),(1929,15.0444,'2017-11-24 22:01:41',65.9667,-18.5333,1,14),(1930,15.0444,'2017-11-24 22:02:41',65.9667,-18.5333,1,14),(1931,15.0444,'2017-11-24 22:03:41',65.9667,-18.5333,1,14),(1932,15.0444,'2017-11-24 22:04:41',65.9667,-18.5333,1,14),(1933,15.0444,'2017-11-24 22:05:41',65.9667,-18.5333,1,14),(1934,15.0444,'2017-11-24 22:06:41',65.9667,-18.5333,1,14),(1935,15.0444,'2017-11-24 22:07:41',65.9667,-18.5333,1,14),(1936,15.0444,'2017-11-24 22:08:42',65.9667,-18.5333,1,14),(1937,15.0444,'2017-11-24 22:09:42',65.9667,-18.5333,1,14),(1938,15.0444,'2017-11-24 22:10:42',65.9667,-18.5333,1,14),(1939,15.0444,'2017-11-24 22:11:42',65.9667,-18.5333,1,14),(1940,15.0444,'2017-11-24 22:12:42',65.9667,-18.5333,1,14),(1941,15.0444,'2017-11-24 22:13:42',65.9667,-18.5333,1,14),(1942,15.0444,'2017-11-24 22:14:42',65.9667,-18.5333,1,14),(1943,15.0444,'2017-11-24 22:15:42',65.9667,-18.5333,1,14),(1944,15.0444,'2017-11-24 22:16:42',65.9667,-18.5333,1,14),(1945,15.0444,'2017-11-24 22:17:42',65.9667,-18.5333,1,14),(1946,15.0444,'2017-11-24 22:18:42',65.9667,-18.5333,1,14),(1947,15.0444,'2017-11-24 22:19:42',65.9667,-18.5333,1,14),(1948,15.0444,'2017-11-24 22:20:43',65.9667,-18.5333,1,14),(1949,15.0444,'2017-11-24 22:21:42',65.9667,-18.5333,1,14),(1950,15.0444,'2017-11-24 22:22:42',65.9667,-18.5333,1,14),(1951,15.0444,'2017-11-24 22:23:42',65.9667,-18.5333,1,14),(1952,15.0444,'2017-11-24 22:24:42',65.9667,-18.5333,1,14),(1953,15.0444,'2017-11-24 22:25:42',65.9667,-18.5333,1,14),(1954,15.0444,'2017-11-24 22:26:42',65.9667,-18.5333,1,14),(1955,15.0444,'2017-11-24 22:27:42',65.9667,-18.5333,1,14),(1956,15.0444,'2017-11-24 22:28:42',65.9667,-18.5333,1,14),(1957,15.0444,'2017-11-24 22:29:42',65.9667,-18.5333,1,14),(1958,15.0444,'2017-11-24 22:30:42',65.9667,-18.5333,1,14),(1959,15.0444,'2017-11-24 22:31:42',65.9667,-18.5333,1,14),(1960,15.0444,'2017-11-24 22:32:42',65.9667,-18.5333,1,14),(1961,15.0444,'2017-11-24 22:33:42',65.9667,-18.5333,1,14),(1962,15.0444,'2017-11-24 22:34:42',65.9667,-18.5333,1,14),(1963,15.0444,'2017-11-24 22:35:42',65.9667,-18.5333,1,14),(1964,15.0444,'2017-11-24 22:36:42',65.9667,-18.5333,1,14),(1965,15.0444,'2017-11-24 22:37:42',65.9667,-18.5333,1,14),(1966,15.0444,'2017-11-24 22:38:42',65.9667,-18.5333,1,14),(1967,15.0444,'2017-11-24 22:39:42',65.9667,-18.5333,1,14),(1968,0,'2017-11-24 22:40:27',-22.8429,-47.0466,1600,14),(1969,15.0444,'2017-11-24 22:40:42',65.9667,-18.5333,1,14),(1970,15.0444,'2017-11-24 22:41:42',65.9667,-18.5333,1,14),(1971,15.0444,'2017-11-24 22:42:43',65.9667,-18.5333,1,14),(1972,15.0444,'2017-11-24 22:43:42',65.9667,-18.5333,1,14),(1973,15.0444,'2017-11-24 22:44:42',65.9667,-18.5333,1,14),(1974,15.0444,'2017-11-24 22:45:42',65.9667,-18.5333,1,14),(1975,15.0444,'2017-11-24 22:46:42',65.9667,-18.5333,1,14),(1976,15.0444,'2017-11-24 22:47:42',65.9667,-18.5333,1,14),(1977,15.0444,'2017-11-24 22:48:42',65.9667,-18.5333,1,14),(1978,15.0444,'2017-11-24 22:49:42',65.9667,-18.5333,1,14),(1979,15.0444,'2017-11-24 22:50:42',65.9667,-18.5333,1,14),(1980,15.0444,'2017-11-24 22:51:42',65.9667,-18.5333,1,14),(1981,15.0444,'2017-11-24 22:52:42',65.9667,-18.5333,1,14),(1982,15.0444,'2017-11-24 22:54:24',65.9667,-18.5333,1,14),(1983,695.2,'2017-11-24 22:57:13',-22.8322,-47.0509,20,14),(1984,15.0444,'2017-11-24 23:22:14',65.9667,-18.5333,1,14),(1985,15.0444,'2017-11-24 23:23:14',65.9667,-18.5333,1,14),(1986,15.0444,'2017-11-24 23:24:14',65.9667,-18.5333,1,14),(1987,15.0444,'2017-11-24 23:25:14',65.9667,-18.5333,1,14),(1988,15.0444,'2017-11-24 23:26:14',65.9667,-18.5333,1,14),(1989,15.0444,'2017-11-24 23:27:14',65.9667,-18.5333,1,14),(1990,15.0444,'2017-11-24 23:28:14',65.9667,-18.5333,1,14),(1991,15.0444,'2017-11-24 23:29:14',65.9667,-18.5333,1,14),(1992,15.0444,'2017-11-24 23:30:14',65.9667,-18.5333,1,14),(1993,15.0444,'2017-11-24 23:31:14',65.9667,-18.5333,1,14),(1994,15.0444,'2017-11-24 23:32:14',65.9667,-18.5333,1,14),(1995,15.0444,'2017-11-24 23:33:14',65.9667,-18.5333,1,14),(1996,15.0444,'2017-11-24 23:34:14',65.9667,-18.5333,1,14),(1997,15.0444,'2017-11-24 23:35:14',65.9667,-18.5333,1,14),(1998,15.0444,'2017-11-24 23:36:14',65.9667,-18.5333,1,14),(1999,15.0444,'2017-11-25 00:54:52',65.9667,-18.5333,1,14),(2000,15.0444,'2017-11-25 00:54:54',65.9667,-18.5333,1,14),(2001,15.0444,'2017-11-25 00:54:54',65.9667,-18.5333,1,14),(2002,15.0444,'2017-11-25 00:55:08',65.9667,-18.5333,1,14),(2003,15.0444,'2017-11-25 00:56:08',65.9667,-18.5333,1,14),(2004,15.0444,'2017-11-25 00:57:08',65.9667,-18.5333,1,14),(2005,15.0444,'2017-11-25 00:58:10',65.9667,-18.5333,1,14),(2006,15.0444,'2017-11-25 00:59:08',65.9667,-18.5333,1,14),(2007,0,'2017-11-25 00:59:16',-22.8083,-47.078,21,10),(2008,15.0444,'2017-11-25 01:00:08',65.9667,-18.5333,1,14),(2009,15.0444,'2017-11-25 01:01:08',65.9667,-18.5333,1,14),(2010,15.0444,'2017-11-25 01:02:08',65.9667,-18.5333,1,14),(2011,15.0444,'2017-11-25 01:03:08',65.9667,-18.5333,1,14),(2012,15.0444,'2017-11-25 01:04:08',65.9667,-18.5333,1,14),(2013,15.0444,'2017-11-25 01:05:08',65.9667,-18.5333,1,14),(2014,15.0444,'2017-11-25 01:06:08',65.9667,-18.5333,1,14),(2015,15.0444,'2017-11-25 01:07:08',65.9667,-18.5333,1,14),(2016,15.0444,'2017-11-25 01:08:08',65.9667,-18.5333,1,14),(2017,15.0444,'2017-11-25 01:09:08',65.9667,-18.5333,1,14),(2018,15.0444,'2017-11-25 01:10:08',65.9667,-18.5333,1,14),(2019,15.0444,'2017-11-25 01:11:08',65.9667,-18.5333,1,14),(2020,15.0444,'2017-11-25 01:12:08',65.9667,-18.5333,1,14),(2021,15.0444,'2017-11-25 01:13:08',65.9667,-18.5333,1,14),(2022,15.0444,'2017-11-25 01:14:08',65.9667,-18.5333,1,14),(2023,15.0444,'2017-11-25 01:15:08',65.9667,-18.5333,1,14),(2024,15.0444,'2017-11-25 01:16:09',65.9667,-18.5333,1,14),(2025,15.0444,'2017-11-25 01:17:08',65.9667,-18.5333,1,14),(2026,15.0444,'2017-11-25 01:18:08',65.9667,-18.5333,1,14),(2027,15.0444,'2017-11-25 01:19:08',65.9667,-18.5333,1,14),(2028,15.0444,'2017-11-25 01:20:08',65.9667,-18.5333,1,14),(2029,15.0444,'2017-11-25 01:21:08',65.9667,-18.5333,1,14),(2030,15.0444,'2017-11-25 01:22:08',65.9667,-18.5333,1,14),(2031,15.0444,'2017-11-25 01:23:08',65.9667,-18.5333,1,14),(2032,15.0444,'2017-11-25 01:24:08',65.9667,-18.5333,1,14),(2033,15.0444,'2017-11-25 01:25:08',65.9667,-18.5333,1,14),(2034,15.0444,'2017-11-25 01:26:08',65.9667,-18.5333,1,14),(2035,15.0444,'2017-11-25 01:27:08',65.9667,-18.5333,1,14),(2036,15.0444,'2017-11-25 01:28:08',65.9667,-18.5333,1,14),(2037,15.0444,'2017-11-25 01:29:08',65.9667,-18.5333,1,14),(2038,15.0444,'2017-11-25 01:30:08',65.9667,-18.5333,1,14),(2039,15.0444,'2017-11-25 01:31:08',65.9667,-18.5333,1,14),(2040,15.0444,'2017-11-25 01:32:08',65.9667,-18.5333,1,14),(2041,15.0444,'2017-11-25 01:33:08',65.9667,-18.5333,1,14),(2042,15.0444,'2017-11-25 01:34:09',65.9667,-18.5333,1,14),(2043,15.0444,'2017-11-25 01:35:09',65.9667,-18.5333,1,14),(2044,15.0444,'2017-11-25 01:36:09',65.9667,-18.5333,1,14),(2045,15.0444,'2017-11-25 01:37:09',65.9667,-18.5333,1,14),(2046,15.0444,'2017-11-25 01:38:09',65.9667,-18.5333,1,14),(2047,15.0444,'2017-11-25 01:39:09',65.9667,-18.5333,1,14),(2048,15.0444,'2017-11-25 01:40:09',65.9667,-18.5333,1,14),(2049,15.0444,'2017-11-25 01:41:09',65.9667,-18.5333,1,14),(2050,15.0444,'2017-11-25 01:42:09',65.9667,-18.5333,1,14),(2051,15.0444,'2017-11-25 01:43:09',65.9667,-18.5333,1,14),(2052,15.0444,'2017-11-25 01:44:09',65.9667,-18.5333,1,14),(2053,15.0444,'2017-11-25 01:45:09',65.9667,-18.5333,1,14),(2054,15.0444,'2017-11-25 01:46:09',65.9667,-18.5333,1,14),(2055,15.0444,'2017-11-25 01:47:09',65.9667,-18.5333,1,14),(2056,15.0444,'2017-11-25 01:48:09',65.9667,-18.5333,1,14),(2057,15.0444,'2017-11-25 01:49:09',65.9667,-18.5333,1,14),(2058,15.0444,'2017-11-25 01:50:09',65.9667,-18.5333,1,14),(2059,15.0444,'2017-11-25 01:51:09',65.9667,-18.5333,1,14),(2060,15.0444,'2017-11-25 01:52:09',65.9667,-18.5333,1,14),(2061,15.0444,'2017-11-25 01:53:09',65.9667,-18.5333,1,14),(2062,15.0444,'2017-11-25 01:54:10',65.9667,-18.5333,1,14),(2063,15.0444,'2017-11-25 01:55:09',65.9667,-18.5333,1,14),(2064,15.0444,'2017-11-25 01:56:09',65.9667,-18.5333,1,14),(2065,15.0444,'2017-11-25 01:57:09',65.9667,-18.5333,1,14),(2066,15.0444,'2017-11-25 01:58:09',65.9667,-18.5333,1,14),(2067,15.0444,'2017-11-25 01:59:09',65.9667,-18.5333,1,14),(2068,15.0444,'2017-11-25 02:00:09',65.9667,-18.5333,1,14),(2069,15.0444,'2017-11-25 02:01:09',65.9667,-18.5333,1,14),(2070,15.0444,'2017-11-25 02:02:09',65.9667,-18.5333,1,14),(2071,15.0444,'2017-11-25 02:03:09',65.9667,-18.5333,1,14),(2072,15.0444,'2017-11-25 02:04:09',65.9667,-18.5333,1,14),(2073,15.0444,'2017-11-25 02:05:09',65.9667,-18.5333,1,14),(2074,15.0444,'2017-11-25 02:06:09',65.9667,-18.5333,1,14),(2075,15.0444,'2017-11-25 02:07:09',65.9667,-18.5333,1,14),(2076,15.0444,'2017-11-25 02:08:09',65.9667,-18.5333,1,14),(2077,15.0444,'2017-11-25 02:09:09',65.9667,-18.5333,1,14),(2078,15.0444,'2017-11-25 02:10:09',65.9667,-18.5333,1,14),(2079,15.0444,'2017-11-25 02:11:09',65.9667,-18.5333,1,14),(2080,15.0444,'2017-11-25 02:12:09',65.9667,-18.5333,1,14),(2081,15.0444,'2017-11-25 02:13:09',65.9667,-18.5333,1,14),(2082,15.0444,'2017-11-25 02:14:09',65.9667,-18.5333,1,14),(2083,15.0444,'2017-11-25 02:15:09',65.9667,-18.5333,1,14),(2084,15.0444,'2017-11-25 02:16:09',65.9667,-18.5333,1,14),(2085,15.0444,'2017-11-25 02:17:09',65.9667,-18.5333,1,14),(2086,15.0444,'2017-11-25 02:18:09',65.9667,-18.5333,1,14),(2087,15.0444,'2017-11-25 02:19:09',65.9667,-18.5333,1,14),(2088,15.0444,'2017-11-25 02:20:09',65.9667,-18.5333,1,14),(2089,15.0444,'2017-11-25 02:21:09',65.9667,-18.5333,1,14),(2090,15.0444,'2017-11-25 02:22:09',65.9667,-18.5333,1,14),(2091,15.0444,'2017-11-25 02:23:09',65.9667,-18.5333,1,14),(2092,15.0444,'2017-11-25 02:24:09',65.9667,-18.5333,1,14),(2093,15.0444,'2017-11-25 02:25:09',65.9667,-18.5333,1,14),(2094,15.0444,'2017-11-25 02:26:09',65.9667,-18.5333,1,14),(2095,15.0444,'2017-11-25 02:27:09',65.9667,-18.5333,1,14),(2096,15.0444,'2017-11-25 02:28:09',65.9667,-18.5333,1,14),(2097,15.0444,'2017-11-25 02:29:09',65.9667,-18.5333,1,14),(2098,15.0444,'2017-11-25 02:30:09',65.9667,-18.5333,1,14),(2099,15.0444,'2017-11-25 12:50:38',65.9667,-18.5333,1,14),(2100,15.0444,'2017-11-25 14:57:19',65.9667,-18.5333,1,14),(2101,15.0444,'2017-11-25 14:57:21',65.9667,-18.5333,1,14),(2102,15.0444,'2017-11-25 14:58:19',65.9667,-18.5333,1,14),(2103,15.0444,'2017-11-25 14:58:20',65.9667,-18.5333,1,14),(2104,15.0444,'2017-11-25 14:59:19',65.9667,-18.5333,1,14),(2105,15.0444,'2017-11-25 14:59:20',65.9667,-18.5333,1,14),(2106,15.0444,'2017-11-25 15:00:19',65.9667,-18.5333,1,14),(2107,15.0444,'2017-11-25 15:00:20',65.9667,-18.5333,1,14),(2108,15.0444,'2017-11-25 15:01:19',65.9667,-18.5333,1,14),(2109,15.0444,'2017-11-25 15:01:20',65.9667,-18.5333,1,14),(2110,15.0444,'2017-11-25 15:02:19',65.9667,-18.5333,1,14),(2111,15.0444,'2017-11-25 15:02:20',65.9667,-18.5333,1,14),(2112,15.0444,'2017-11-25 15:03:19',65.9667,-18.5333,1,14),(2113,15.0444,'2017-11-25 15:03:21',65.9667,-18.5333,1,14),(2114,15.0444,'2017-11-25 15:04:19',65.9667,-18.5333,1,14),(2115,15.0444,'2017-11-25 15:04:20',65.9667,-18.5333,1,14),(2116,15.0444,'2017-11-25 15:05:19',65.9667,-18.5333,1,14),(2117,15.0444,'2017-11-25 15:05:20',65.9667,-18.5333,1,14),(2118,15.0444,'2017-11-25 15:06:34',65.9667,-18.5333,1,14),(2119,15.0444,'2017-11-25 15:06:35',65.9667,-18.5333,1,14),(2120,15.0444,'2017-11-25 15:07:22',65.9667,-18.5333,1,14),(2121,15.0444,'2017-11-25 15:07:22',65.9667,-18.5333,1,14),(2122,15.0444,'2017-11-25 15:08:22',65.9667,-18.5333,1,14),(2123,15.0444,'2017-11-25 15:08:22',65.9667,-18.5333,1,14),(2124,15.0444,'2017-11-25 15:09:22',65.9667,-18.5333,1,14),(2125,15.0444,'2017-11-25 15:09:22',65.9667,-18.5333,1,14),(2126,15.0444,'2017-11-25 15:10:22',65.9667,-18.5333,1,14),(2127,15.0444,'2017-11-25 15:10:22',65.9667,-18.5333,1,14),(2128,15.0444,'2017-11-25 15:11:22',65.9667,-18.5333,1,14),(2129,15.0444,'2017-11-25 15:11:22',65.9667,-18.5333,1,14),(2130,15.0444,'2017-11-25 15:12:22',65.9667,-18.5333,1,14),(2131,15.0444,'2017-11-25 15:12:22',65.9667,-18.5333,1,14),(2132,15.0444,'2017-11-25 15:13:22',65.9667,-18.5333,1,14),(2133,15.0444,'2017-11-25 15:13:22',65.9667,-18.5333,1,14),(2134,15.0444,'2017-11-25 15:14:22',65.9667,-18.5333,1,14),(2135,15.0444,'2017-11-25 15:14:22',65.9667,-18.5333,1,14),(2136,15.0444,'2017-11-25 15:15:22',65.9667,-18.5333,1,14),(2137,15.0444,'2017-11-25 15:15:22',65.9667,-18.5333,1,14),(2138,15.0444,'2017-11-25 15:16:22',65.9667,-18.5333,1,14),(2139,15.0444,'2017-11-25 15:16:22',65.9667,-18.5333,1,14),(2140,15.0444,'2017-11-25 15:17:22',65.9667,-18.5333,1,14),(2141,15.0444,'2017-11-25 15:17:22',65.9667,-18.5333,1,14),(2142,15.0444,'2017-11-25 15:18:22',65.9667,-18.5333,1,14),(2143,15.0444,'2017-11-25 15:18:22',65.9667,-18.5333,1,14),(2144,15.0444,'2017-11-25 15:19:22',65.9667,-18.5333,1,14),(2145,15.0444,'2017-11-25 15:19:22',65.9667,-18.5333,1,14),(2146,15.0444,'2017-11-25 15:20:22',65.9667,-18.5333,1,14),(2147,15.0444,'2017-11-25 15:20:22',65.9667,-18.5333,1,14),(2148,15.0444,'2017-11-25 15:21:22',65.9667,-18.5333,1,14),(2149,15.0444,'2017-11-25 15:21:22',65.9667,-18.5333,1,14),(2150,15.0444,'2017-11-25 15:22:22',65.9667,-18.5333,1,14),(2151,15.0444,'2017-11-25 15:22:22',65.9667,-18.5333,1,14),(2152,15.0444,'2017-11-25 15:23:22',65.9667,-18.5333,1,14),(2153,15.0444,'2017-11-25 15:23:22',65.9667,-18.5333,1,14),(2154,15.0444,'2017-11-25 15:24:22',65.9667,-18.5333,1,14),(2155,15.0444,'2017-11-25 15:24:22',65.9667,-18.5333,1,14),(2156,15.0444,'2017-11-25 15:25:22',65.9667,-18.5333,1,14),(2157,15.0444,'2017-11-25 15:25:22',65.9667,-18.5333,1,14),(2158,15.0444,'2017-11-25 15:26:22',65.9667,-18.5333,1,14),(2159,15.0444,'2017-11-25 15:26:22',65.9667,-18.5333,1,14),(2160,15.0444,'2017-11-25 15:27:22',65.9667,-18.5333,1,14),(2161,15.0444,'2017-11-25 15:27:22',65.9667,-18.5333,1,14),(2162,15.0444,'2017-11-25 15:28:22',65.9667,-18.5333,1,14),(2163,15.0444,'2017-11-25 15:28:22',65.9667,-18.5333,1,14),(2164,15.0444,'2017-11-25 15:29:22',65.9667,-18.5333,1,14),(2165,15.0444,'2017-11-25 15:29:22',65.9667,-18.5333,1,14),(2166,15.0444,'2017-11-25 15:30:22',65.9667,-18.5333,1,14),(2167,15.0444,'2017-11-25 15:30:22',65.9667,-18.5333,1,14),(2168,15.0444,'2017-11-25 15:31:22',65.9667,-18.5333,1,14),(2169,15.0444,'2017-11-25 15:31:22',65.9667,-18.5333,1,14),(2170,15.0444,'2017-11-25 15:32:22',65.9667,-18.5333,1,14),(2171,15.0444,'2017-11-25 15:32:22',65.9667,-18.5333,1,14),(2172,15.0444,'2017-11-25 15:33:22',65.9667,-18.5333,1,14),(2173,15.0444,'2017-11-25 15:33:22',65.9667,-18.5333,1,14),(2174,15.0444,'2017-11-25 15:34:22',65.9667,-18.5333,1,14),(2175,15.0444,'2017-11-25 15:34:22',65.9667,-18.5333,1,14),(2176,15.0444,'2017-11-25 15:35:22',65.9667,-18.5333,1,14),(2177,15.0444,'2017-11-25 15:35:22',65.9667,-18.5333,1,14),(2178,15.0444,'2017-11-25 15:36:22',65.9667,-18.5333,1,14),(2179,15.0444,'2017-11-25 15:36:22',65.9667,-18.5333,1,14),(2180,15.0444,'2017-11-25 15:37:22',65.9667,-18.5333,1,14),(2181,15.0444,'2017-11-25 15:37:22',65.9667,-18.5333,1,14),(2182,15.0444,'2017-11-25 15:38:22',65.9667,-18.5333,1,14),(2183,15.0444,'2017-11-25 15:38:22',65.9667,-18.5333,1,14),(2184,15.0444,'2017-11-25 15:39:22',65.9667,-18.5333,1,14),(2185,15.0444,'2017-11-25 15:39:22',65.9667,-18.5333,1,14),(2186,15.0444,'2017-11-25 15:40:22',65.9667,-18.5333,1,14),(2187,15.0444,'2017-11-25 15:40:22',65.9667,-18.5333,1,14),(2188,15.0444,'2017-11-25 15:41:22',65.9667,-18.5333,1,14),(2189,15.0444,'2017-11-25 15:41:22',65.9667,-18.5333,1,14),(2190,15.0444,'2017-11-25 15:42:22',65.9667,-18.5333,1,14),(2191,15.0444,'2017-11-25 15:42:22',65.9667,-18.5333,1,14),(2192,15.0444,'2017-11-25 15:43:22',65.9667,-18.5333,1,14),(2193,15.0444,'2017-11-25 15:43:23',65.9667,-18.5333,1,14),(2194,15.0444,'2017-11-25 15:44:22',65.9667,-18.5333,1,14),(2195,15.0444,'2017-11-25 15:44:22',65.9667,-18.5333,1,14),(2196,15.0444,'2017-11-25 15:45:22',65.9667,-18.5333,1,14),(2197,15.0444,'2017-11-25 15:45:22',65.9667,-18.5333,1,14),(2198,15.0444,'2017-11-25 15:46:22',65.9667,-18.5333,1,14),(2199,15.0444,'2017-11-25 15:46:22',65.9667,-18.5333,1,14),(2200,15.0444,'2017-11-25 15:47:22',65.9667,-18.5333,1,14),(2201,15.0444,'2017-11-25 15:47:22',65.9667,-18.5333,1,14),(2202,15.0444,'2017-11-25 15:48:22',65.9667,-18.5333,1,14),(2203,15.0444,'2017-11-25 15:48:23',65.9667,-18.5333,1,14),(2204,15.0444,'2017-11-25 15:49:23',65.9667,-18.5333,1,14),(2205,15.0444,'2017-11-25 15:49:23',65.9667,-18.5333,1,14),(2206,15.0444,'2017-11-25 15:50:23',65.9667,-18.5333,1,14),(2207,15.0444,'2017-11-25 15:50:23',65.9667,-18.5333,1,14),(2208,15.0444,'2017-11-25 15:51:23',65.9667,-18.5333,1,14),(2209,15.0444,'2017-11-25 15:51:23',65.9667,-18.5333,1,14),(2210,15.0444,'2017-11-25 15:52:23',65.9667,-18.5333,1,14),(2211,15.0444,'2017-11-25 15:52:23',65.9667,-18.5333,1,14),(2212,15.0444,'2017-11-25 15:53:23',65.9667,-18.5333,1,14),(2213,15.0444,'2017-11-25 15:53:23',65.9667,-18.5333,1,14),(2214,15.0444,'2017-11-25 15:54:23',65.9667,-18.5333,1,14),(2215,15.0444,'2017-11-25 15:54:23',65.9667,-18.5333,1,14),(2216,15.0444,'2017-11-25 15:55:23',65.9667,-18.5333,1,14),(2217,15.0444,'2017-11-25 15:55:23',65.9667,-18.5333,1,14),(2218,15.0444,'2017-11-25 15:56:23',65.9667,-18.5333,1,14),(2219,15.0444,'2017-11-25 15:56:23',65.9667,-18.5333,1,14),(2220,15.0444,'2017-11-25 15:57:23',65.9667,-18.5333,1,14),(2221,15.0444,'2017-11-25 15:57:24',65.9667,-18.5333,1,14),(2222,15.0444,'2017-11-25 15:58:23',65.9667,-18.5333,1,14),(2223,15.0444,'2017-11-25 15:58:23',65.9667,-18.5333,1,14),(2224,15.0444,'2017-11-25 15:59:23',65.9667,-18.5333,1,14),(2225,15.0444,'2017-11-25 15:59:23',65.9667,-18.5333,1,14),(2226,15.0444,'2017-11-25 16:00:23',65.9667,-18.5333,1,14),(2227,15.0444,'2017-11-25 16:00:24',65.9667,-18.5333,1,14),(2228,15.0444,'2017-11-25 16:01:23',65.9667,-18.5333,1,14),(2229,15.0444,'2017-11-25 16:01:23',65.9667,-18.5333,1,14),(2230,15.0444,'2017-11-25 16:02:23',65.9667,-18.5333,1,14),(2231,15.0444,'2017-11-25 16:02:23',65.9667,-18.5333,1,14),(2232,15.0444,'2017-11-25 16:03:23',65.9667,-18.5333,1,14),(2233,15.0444,'2017-11-25 16:03:23',65.9667,-18.5333,1,14),(2234,0,'2017-11-25 16:26:47',-22.7478,-46.9132,20,10),(2235,0,'2017-11-25 16:27:47',-22.7478,-46.9132,20,10),(2236,0,'2017-11-25 16:28:54',-22.7478,-46.9132,20,10),(2237,0,'2017-11-25 16:30:29',-22.7478,-46.9132,20,10),(2238,0,'2017-11-25 16:33:28',-22.7478,-46.9132,20,10),(2239,0,'2017-11-25 16:37:02',-22.7478,-46.9132,20,10),(2240,0,'2017-11-25 16:37:59',-22.7478,-46.9132,20,10),(2241,0,'2017-11-25 16:38:03',-22.7478,-46.9132,20,11),(2242,0,'2017-11-25 16:38:59',-22.7478,-46.9132,20,10),(2243,0,'2017-11-25 16:39:03',-22.7478,-46.9132,20,11),(2244,0,'2017-11-25 16:39:59',-22.7478,-46.9132,20,10),(2245,0,'2017-11-25 16:40:03',-22.7478,-46.9132,20,11),(2246,0,'2017-11-25 16:40:59',-22.7478,-46.9132,20,10),(2247,0,'2017-11-25 16:41:03',-22.7478,-46.9132,20,11),(2248,0,'2017-11-25 16:42:23',-22.7478,-46.9132,20,11),(2249,0,'2017-11-25 16:42:24',-22.7478,-46.9132,20,10),(2250,0,'2017-11-25 18:33:28',-22.7478,-46.9132,20,10),(2251,0,'2017-11-25 18:35:05',-22.7478,-46.9132,20,10),(2252,0,'2017-11-25 18:35:22',-22.832,-47.0509,116,21),(2253,0,'2017-11-25 18:36:22',-22.832,-47.0509,116,21),(2254,0,'2017-11-25 18:37:02',-22.7478,-46.9132,20,10),(2255,0,'2017-11-25 18:41:57',-22.7478,-46.9132,20,10),(2256,0,'2017-11-25 18:45:13',-22.7478,-46.9132,20,10),(2257,0,'2017-11-25 18:51:49',-22.7478,-46.9132,20,10),(2258,0,'2017-11-25 18:53:05',-22.7478,-46.9132,20,10),(2259,0,'2017-11-25 18:57:10',-22.7478,-46.9132,20,10),(2260,0,'2017-11-25 19:02:30',-22.7478,-46.9132,20,10),(2261,0,'2017-11-25 19:03:30',-22.7478,-46.9132,20,10),(2262,0,'2017-11-25 19:04:31',-22.7478,-46.9132,20,10),(2263,0,'2017-11-25 19:13:52',-22.7478,-46.9132,20,10),(2264,723.212,'2017-11-25 20:56:26',-22.9175,-47.0511,1,14),(2265,723.212,'2017-11-25 21:15:23',-22.9175,-47.0511,1,14),(2266,723.212,'2017-11-25 21:15:25',-22.9175,-47.0511,1,14),(2267,723.212,'2017-11-25 21:16:23',-22.9175,-47.0511,1,14),(2268,723.212,'2017-11-25 21:16:25',-22.9175,-47.0511,1,14),(2269,723.212,'2017-11-25 21:17:23',-22.9175,-47.0511,1,14),(2270,723.212,'2017-11-25 21:17:25',-22.9175,-47.0511,1,14),(2271,723.212,'2017-11-25 21:18:23',-22.9175,-47.0511,1,14),(2272,723.212,'2017-11-25 21:18:25',-22.9175,-47.0511,1,14),(2273,723.212,'2017-11-25 21:19:23',-22.9175,-47.0511,1,14),(2274,723.212,'2017-11-25 21:19:25',-22.9175,-47.0511,1,14),(2275,723.212,'2017-11-25 21:20:23',-22.9175,-47.0511,1,14),(2276,723.212,'2017-11-25 21:20:25',-22.9175,-47.0511,1,14),(2277,723.212,'2017-11-25 21:21:23',-22.9175,-47.0511,1,14),(2278,723.212,'2017-11-25 21:21:25',-22.9175,-47.0511,1,14),(2279,0,'2017-11-26 00:56:01',-22.8115,-47.076,20,21),(2280,0,'2017-11-26 12:16:29',-22.9175,-47.0511,19,14),(2281,0,'2017-11-26 12:17:35',-22.9175,-47.0511,19,14),(2282,0,'2017-11-26 12:22:29',-22.9175,-47.0511,19,14),(2283,0,'2017-11-26 12:28:40',-22.9175,-47.0511,20,14),(2284,0,'2017-11-26 12:38:47',-22.9175,-47.0511,19,14),(2285,0,'2017-11-26 12:51:05',-22.9175,-47.0511,21,14),(2286,0,'2017-11-28 23:50:07',-22.8115,-47.076,20,21),(2287,0,'2017-11-28 23:51:06',-22.8115,-47.076,20,21),(2288,0,'2017-11-28 23:52:06',-22.8115,-47.076,23,21),(2289,0,'2017-11-28 23:52:36',-22.8115,-47.076,23,10),(2290,0,'2017-11-28 23:53:06',-22.8115,-47.076,23,21),(2291,0,'2017-11-28 23:53:36',-22.8115,-47.076,23,10),(2292,0,'2017-11-28 23:54:06',-22.8115,-47.076,23,21),(2293,0,'2017-11-28 23:54:36',-22.8115,-47.076,23,10),(2294,0,'2017-11-28 23:55:06',-22.8115,-47.076,23,21),(2295,0,'2017-11-28 23:55:36',-22.8115,-47.076,23,10),(2296,0,'2017-11-28 23:56:06',-22.8115,-47.076,23,21),(2297,0,'2017-11-28 23:56:36',-22.8115,-47.076,23,10),(2298,0,'2017-11-28 23:57:06',-22.8115,-47.076,23,21),(2365,702.493,'2017-12-02 13:39:27',-22.9099,-47.0626,1,14),(2368,0,'2017-12-03 17:14:00',-22.8082,-47.078,19,21),(2370,0,'2017-12-03 17:15:00',-22.8082,-47.078,19,21),(2372,0,'2017-12-03 17:15:35',-22.8083,-47.0781,19,21),(2373,0,'2017-12-03 17:16:00',-22.8083,-47.0781,19,21),(2375,0,'2017-12-03 17:16:35',-22.8083,-47.0781,19,21),(2377,0,'2017-12-03 17:17:00',-22.8083,-47.0781,19,21),(2378,0,'2017-12-03 17:25:47',-22.8083,-47.0781,19,21),(2379,0,'2017-12-03 17:25:47',-22.8083,-47.0781,19,21),(2382,0,'2017-12-03 17:26:44',-22.8083,-47.0781,19,21),(2383,0,'2017-12-03 17:26:44',-22.8083,-47.0781,19,21),(2386,0,'2017-12-03 17:56:18',-22.8083,-47.078,20,21),(2387,0,'2017-12-03 17:56:19',-22.8083,-47.078,20,21),(2388,0,'2017-12-03 17:57:18',-22.8083,-47.078,20,21),(2389,0,'2017-12-03 17:57:19',-22.8083,-47.078,20,21),(2390,0,'2017-12-03 17:58:18',-22.8083,-47.078,20,21),(2391,0,'2017-12-03 17:58:19',-22.8083,-47.078,20,21),(2392,0,'2017-12-03 17:59:18',-22.8083,-47.078,20,21),(2393,0,'2017-12-03 17:59:19',-22.8083,-47.078,20,21),(2394,0,'2017-12-03 18:00:18',-22.8083,-47.078,20,21),(2395,0,'2017-12-03 18:00:19',-22.8083,-47.078,20,21),(2396,0,'2017-12-03 18:06:02',-22.8083,-47.078,20,21),(2397,0,'2017-12-03 18:06:02',-22.8083,-47.078,20,21),(2398,0,'2017-12-03 18:06:59',-22.8083,-47.078,20,21),(2399,0,'2017-12-03 18:06:59',-22.8083,-47.078,20,21),(2400,0,'2017-12-03 18:07:59',-22.8083,-47.078,20,21),(2401,0,'2017-12-03 18:07:59',-22.8083,-47.078,20,21),(2402,0,'2017-12-03 18:12:44',-22.8083,-47.078,20,21),(2403,0,'2017-12-03 18:12:44',-22.8083,-47.078,20,21),(2404,0,'2017-12-03 18:15:06',-22.8083,-47.078,19,21),(2405,0,'2017-12-03 18:15:06',-22.8083,-47.078,19,21),(2406,0,'2017-12-03 18:16:06',-22.8083,-47.078,19,21),(2407,0,'2017-12-03 18:16:06',-22.8083,-47.078,19,21),(2408,0,'2017-12-03 18:18:52',-22.8083,-47.078,19,21),(2409,0,'2017-12-03 18:18:52',-22.8083,-47.078,19,21),(2410,0,'2017-12-03 18:19:52',-22.8083,-47.078,19,21),(2411,0,'2017-12-03 18:19:52',-22.8083,-47.078,19,21),(2412,0,'2017-12-03 18:20:08',-22.8083,-47.078,19,21),(2413,0,'2017-12-03 18:21:32',-22.8083,-47.078,19,21),(2414,0,'2017-12-03 18:21:33',-22.8083,-47.078,19,21),(2415,0,'2017-12-03 18:21:48',-22.8083,-47.078,19,21),(2416,0,'2017-12-03 18:24:49',-22.8083,-47.078,19,21),(2417,0,'2017-12-03 18:24:49',-22.8083,-47.078,19,21),(2418,0,'2017-12-03 18:24:49',-22.8083,-47.078,19,21),(2419,0,'2017-12-03 18:25:48',-22.8083,-47.078,19,21),(2420,0,'2017-12-03 18:25:48',-22.8083,-47.078,19,21),(2421,0,'2017-12-03 18:25:48',-22.8083,-47.078,19,21),(2422,0,'2017-12-03 18:26:48',-22.8083,-47.078,19,21),(2423,0,'2017-12-03 18:26:48',-22.8083,-47.078,19,21),(2424,0,'2017-12-03 18:26:48',-22.8083,-47.078,19,21),(2425,0,'2017-12-03 18:28:07',-22.8083,-47.078,19,21),(2426,0,'2017-12-03 18:28:07',-22.8083,-47.078,19,21),(2427,0,'2017-12-03 18:28:07',-22.8083,-47.078,19,21),(2428,0,'2017-12-03 18:29:06',-22.8083,-47.078,19,21),(2429,0,'2017-12-03 18:29:06',-22.8083,-47.078,19,21),(2430,0,'2017-12-03 18:29:06',-22.8083,-47.078,19,21),(2431,0,'2017-12-03 18:29:40',-22.8083,-47.078,19,21),(2432,0,'2017-12-03 18:30:06',-22.8083,-47.078,19,21),(2433,0,'2017-12-03 18:30:06',-22.8083,-47.078,19,21),(2434,0,'2017-12-03 18:30:06',-22.8083,-47.078,19,21),(2435,0,'2017-12-03 18:30:40',-22.8083,-47.078,19,21),(2436,0,'2017-12-03 18:31:06',-22.8083,-47.078,19,21),(2437,0,'2017-12-03 18:31:06',-22.8083,-47.078,19,21),(2438,0,'2017-12-03 18:31:06',-22.8083,-47.078,19,21),(2439,0,'2017-12-03 18:31:39',-22.8083,-47.078,19,21),(2440,0,'2017-12-03 18:32:06',-22.8083,-47.078,19,21),(2441,0,'2017-12-03 18:32:06',-22.8083,-47.078,19,21),(2442,0,'2017-12-03 18:32:06',-22.8083,-47.078,19,21),(2443,0,'2017-12-03 18:32:47',-22.8083,-47.078,19,21),(2444,0,'2017-12-03 18:33:14',-22.8083,-47.078,19,21),(2445,0,'2017-12-03 18:33:15',-22.8083,-47.078,19,21),(2446,0,'2017-12-03 18:33:15',-22.8083,-47.078,19,21),(2447,0,'2017-12-03 18:33:47',-22.8083,-47.078,19,21),(2448,0,'2017-12-03 18:34:14',-22.8083,-47.078,19,21),(2449,0,'2017-12-03 18:34:14',-22.8083,-47.078,19,21),(2450,0,'2017-12-03 18:34:14',-22.8083,-47.078,19,21),(2451,0,'2017-12-03 18:34:48',-22.8083,-47.078,19,21),(2452,0,'2017-12-03 18:35:14',-22.8083,-47.078,19,21),(2453,0,'2017-12-03 18:35:14',-22.8083,-47.078,19,21),(2454,0,'2017-12-03 18:35:14',-22.8083,-47.078,19,21),(2455,0,'2017-12-03 18:35:47',-22.8083,-47.078,19,21),(2456,0,'2017-12-03 18:36:14',-22.8083,-47.078,19,21),(2457,0,'2017-12-03 18:36:14',-22.8083,-47.078,19,21),(2458,0,'2017-12-03 18:36:14',-22.8083,-47.078,19,21),(2459,0,'2017-12-03 18:36:48',-22.8083,-47.078,19,21),(2460,0,'2017-12-03 18:37:14',-22.8083,-47.078,19,21),(2461,0,'2017-12-03 18:37:14',-22.8083,-47.078,19,21),(2462,0,'2017-12-03 18:37:14',-22.8083,-47.078,19,21),(2463,0,'2017-12-03 18:37:48',-22.8083,-47.078,19,21),(2464,0,'2017-12-03 18:38:14',-22.8083,-47.078,19,21),(2465,0,'2017-12-03 18:38:14',-22.8083,-47.078,19,21),(2466,0,'2017-12-03 18:38:14',-22.8083,-47.078,19,21),(2467,0,'2017-12-03 18:38:48',-22.8083,-47.078,19,21),(2468,0,'2017-12-03 18:39:14',-22.8083,-47.078,19,21),(2469,0,'2017-12-03 18:39:14',-22.8083,-47.078,19,21),(2470,0,'2017-12-03 18:39:14',-22.8083,-47.078,19,21),(2471,0,'2017-12-03 18:39:48',-22.8083,-47.078,19,21),(2472,0,'2017-12-03 18:40:14',-22.8083,-47.078,19,21),(2473,0,'2017-12-03 18:40:14',-22.8083,-47.078,19,21),(2474,0,'2017-12-03 18:40:15',-22.8083,-47.078,19,21),(2475,0,'2017-12-03 18:40:48',-22.8083,-47.078,19,21),(2476,0,'2017-12-03 18:41:14',-22.8083,-47.078,19,21),(2477,0,'2017-12-03 18:41:14',-22.8083,-47.078,19,21),(2478,0,'2017-12-03 18:41:14',-22.8083,-47.078,19,21),(2479,0,'2017-12-03 18:42:33',-22.8083,-47.078,19,21),(2480,0,'2017-12-03 18:43:34',-22.8083,-47.078,19,21),(2481,0,'2017-12-03 18:44:33',-22.8083,-47.078,19,21),(2482,0,'2017-12-03 18:45:33',-22.8083,-47.078,19,21),(2483,575.1,'2017-12-03 18:46:21',-22.8083,-47.0781,19,21),(2484,0,'2017-12-03 18:47:21',-22.8083,-47.078,19,21),(2485,575.1,'2017-12-03 18:47:21',-22.8083,-47.0781,19,21),(2486,0,'2017-12-03 18:48:21',-22.8083,-47.078,19,21),(2487,575.2,'2017-12-03 18:48:46',-22.8083,-47.078,19,21),(2488,0,'2017-12-03 18:49:21',-22.8083,-47.078,19,21),(2489,0,'2017-12-03 18:50:21',-22.8083,-47.078,19,21),(2490,0,'2017-12-03 18:52:21',-22.8119,-47.0764,1200,21),(2491,575.1,'2017-12-03 19:02:06',-22.8082,-47.078,24,21),(2492,0,'2017-12-03 19:23:34',-22.8083,-47.0781,20,21),(2493,0,'2017-12-03 19:25:40',-22.8083,-47.0781,20,21),(2494,0,'2017-12-03 19:26:39',-22.8083,-47.0781,20,21),(2495,575.1,'2017-12-03 19:26:48',-22.8083,-47.0781,19,21),(2496,575.1,'2017-12-03 19:28:38',-22.8083,-47.0781,19,21),(2497,0,'2017-12-03 19:30:09',-22.8083,-47.0781,20,21),(2498,0,'2017-12-04 09:59:21',-22.8776,-47.0438,24,21),(2499,0,'2017-12-04 10:12:33',-22.8659,-47.0213,27,21),(2514,0,'2017-12-04 23:22:13',-22.7478,-46.9133,19,21),(2515,0,'2017-12-04 23:23:31',-22.7478,-46.9133,19,21),(2516,0,'2017-12-04 23:24:27',-22.7478,-46.9133,19,21),(2517,0,'2017-12-04 23:26:46',-22.7478,-46.9133,19,21),(2518,0,'2017-12-04 23:42:04',-22.7391,-46.9215,3000,11),(2519,0,'2017-12-05 12:17:58',-22.8628,-47.0236,19,21),(2520,0,'2017-12-05 12:18:58',-22.8628,-47.0236,19,21),(2521,0,'2017-12-05 12:19:58',-22.8628,-47.0236,19,21),(2522,0,'2017-12-05 18:08:31',-22.8331,-47.0519,19,21),(2523,0,'2017-12-05 18:09:42',-22.8331,-47.0519,19,21),(2524,0,'2017-12-05 18:10:40',-22.8331,-47.0519,19,21),(2525,0,'2017-12-05 18:11:40',-22.8331,-47.0519,19,21),(2526,0,'2017-12-05 18:12:40',-22.8331,-47.0519,19,21),(2527,0,'2017-12-05 18:13:40',-22.8331,-47.0519,20,21),(2528,0,'2017-12-05 18:14:40',-22.8331,-47.0519,20,21),(2529,0,'2017-12-05 18:15:40',-22.8331,-47.0519,20,21),(2530,0,'2017-12-05 18:17:20',-22.8331,-47.0519,20,21),(2531,0,'2017-12-05 21:06:02',-22.8332,-47.0531,20,21),(2532,0,'2017-12-05 21:07:02',-22.8332,-47.0531,20,21),(2533,0,'2017-12-05 21:08:03',-22.8332,-47.0531,20,21),(2534,0,'2017-12-05 21:09:06',-22.8332,-47.0531,20,21),(2535,0,'2017-12-05 21:10:05',-22.8332,-47.0531,20,21),(2536,0,'2017-12-05 21:11:06',-22.8332,-47.0531,20,21),(2537,0,'2017-12-05 21:12:05',-22.8332,-47.0531,20,21),(2538,0,'2017-12-05 21:13:05',-22.8332,-47.0531,20,21),(2539,0,'2017-12-05 21:14:05',-22.8332,-47.0531,20,21),(2540,0,'2017-12-05 21:15:05',-22.8332,-47.0531,20,21),(2541,0,'2017-12-05 21:18:18',-22.8332,-47.0531,20,21),(2542,0,'2017-12-05 21:24:07',-22.8332,-47.0531,20,21),(2543,695.9,'2017-12-05 21:30:29',-22.8331,-47.053,20,21),(2544,695.9,'2017-12-05 21:31:29',-22.8331,-47.053,18,21),(2545,695.9,'2017-12-05 21:32:29',-22.8331,-47.053,18,21),(2546,695.9,'2017-12-05 21:33:29',-22.8331,-47.053,50,21),(2547,695.9,'2017-12-05 21:34:29',-22.8331,-47.053,50,21),(2548,695.9,'2017-12-05 21:35:29',-22.8331,-47.053,20,21),(2549,695.9,'2017-12-05 21:36:29',-22.8331,-47.053,20,21),(2550,695.9,'2017-12-05 21:37:29',-22.8331,-47.053,18,21),(2551,695.9,'2017-12-05 21:38:29',-22.8331,-47.053,18,21),(2552,695.9,'2017-12-05 21:39:29',-22.8331,-47.053,50,21),(2553,695.9,'2017-12-05 21:40:29',-22.8331,-47.053,50,21),(2554,695.9,'2017-12-05 21:41:29',-22.8331,-47.053,50,21),(2555,695.9,'2017-12-05 21:42:29',-22.8331,-47.053,50,21),(2556,695.9,'2017-12-05 21:43:29',-22.8331,-47.053,50,21),(2557,695.9,'2017-12-05 21:44:29',-22.8331,-47.053,50,21),(2558,695.9,'2017-12-05 21:45:29',-22.8331,-47.053,18,21),(2559,695.9,'2017-12-05 21:46:29',-22.8331,-47.053,18,21),(2560,695.9,'2017-12-05 21:47:29',-22.8331,-47.053,50,21),(2561,695.9,'2017-12-05 21:48:29',-22.8331,-47.053,50,21),(2570,0,'2017-12-06 14:37:29',-22.8331,-47.0531,34,21),(2571,0,'2017-12-06 14:38:28',-22.8331,-47.0531,34,21),(2572,0,'2017-12-06 14:39:28',-22.8331,-47.0531,34,21),(2573,0,'2017-12-06 14:40:14',-22.8331,-47.0531,34,10),(2574,0,'2017-12-06 14:40:28',-22.8331,-47.0531,34,21),(2575,0,'2017-12-06 14:41:14',-22.8331,-47.0531,34,10),(2576,0,'2017-12-06 14:41:28',-22.8331,-47.0531,34,21),(2577,0,'2017-12-06 14:42:14',-22.8331,-47.0531,34,10),(2578,0,'2017-12-06 14:59:36',-22.8333,-47.0618,1899,21),(2579,0,'2017-12-06 14:59:36',-22.8333,-47.0618,1899,10),(2580,0,'2017-12-06 15:23:40',-22.8333,-47.0618,1899,21),(2581,0,'2017-12-06 15:24:41',-22.8333,-47.0618,1899,21),(2582,0,'2017-12-06 15:26:02',-22.8333,-47.0618,1899,21),(2583,0,'2017-12-06 15:28:38',-22.8333,-47.0618,1899,21),(2584,0,'2017-12-06 15:29:37',-22.8306,-47.0679,2400,21),(2585,0,'2017-12-06 15:30:38',-22.8306,-47.0679,2400,21),(2586,700.1,'2017-12-06 17:07:52',-22.8331,-47.0522,27,21),(2587,700.1,'2017-12-06 17:08:52',-22.8331,-47.0522,27,21),(2588,700.1,'2017-12-06 17:09:52',-22.8331,-47.0522,27,21),(2589,700.1,'2017-12-06 17:10:38',-22.8331,-47.0522,27,21),(2590,700.1,'2017-12-06 17:10:52',-22.8331,-47.0522,27,21),(2591,700.1,'2017-12-06 17:11:38',-22.8331,-47.0522,27,21),(2592,700.1,'2017-12-06 17:11:52',-22.8331,-47.0522,27,21),(2593,700.1,'2017-12-06 17:12:38',-22.8331,-47.0522,27,21),(2594,700.2,'2017-12-06 17:13:04',-22.833,-47.0522,25,21),(2595,700.2,'2017-12-06 17:14:17',-22.833,-47.0522,25,21),(2596,700.2,'2017-12-06 17:14:17',-22.833,-47.0522,25,21),(2597,700.1,'2017-12-06 17:15:16',-22.833,-47.0522,23,21),(2598,700.1,'2017-12-06 17:15:16',-22.833,-47.0522,23,21),(2599,700.1,'2017-12-06 17:16:18',-22.833,-47.0522,23,21),(2600,700.1,'2017-12-06 17:16:18',-22.833,-47.0522,23,21),(2601,700.1,'2017-12-06 17:20:03',-22.8331,-47.0522,21,21),(2602,700.1,'2017-12-06 17:21:02',-22.8331,-47.0521,20,21),(2603,700.1,'2017-12-06 17:21:03',-22.8331,-47.0521,20,21),(2604,700.1,'2017-12-06 17:22:03',-22.8331,-47.0521,20,21),(2605,700.1,'2017-12-06 17:22:03',-22.8331,-47.0521,20,21),(2606,700.1,'2017-12-06 17:23:03',-22.8331,-47.0522,19,21),(2607,700.1,'2017-12-06 17:23:03',-22.8331,-47.0522,19,21),(2608,700.1,'2017-12-06 17:24:03',-22.8331,-47.0522,19,21),(2609,700.1,'2017-12-06 17:24:03',-22.8331,-47.0522,19,21),(2610,700.1,'2017-12-06 17:25:03',-22.8331,-47.0521,19,21),(2611,700.1,'2017-12-06 17:25:03',-22.8331,-47.0521,19,21),(2612,700.1,'2017-12-06 17:26:03',-22.8331,-47.0521,19,21),(2613,700.1,'2017-12-06 17:26:04',-22.8331,-47.0521,19,21),(2614,700.1,'2017-12-06 17:27:03',-22.8331,-47.0522,19,21),(2615,700.1,'2017-12-06 17:27:03',-22.8331,-47.0522,19,21),(2616,700.1,'2017-12-06 17:28:03',-22.8331,-47.0522,19,21),(2617,700.1,'2017-12-06 17:28:03',-22.8331,-47.0522,19,21),(2618,700.1,'2017-12-06 17:29:03',-22.8331,-47.0521,20,21),(2619,700.1,'2017-12-06 17:29:03',-22.8331,-47.0521,20,21),(2620,700.1,'2017-12-06 17:30:03',-22.8331,-47.0521,20,21),(2621,700.1,'2017-12-06 17:30:03',-22.8331,-47.0521,20,21),(2622,700.1,'2017-12-06 17:31:03',-22.8331,-47.0522,19,21),(2623,700.1,'2017-12-06 17:31:03',-22.8331,-47.0522,19,21),(2624,700.1,'2017-12-06 17:32:03',-22.8331,-47.0522,19,21),(2625,700.1,'2017-12-06 17:32:03',-22.8331,-47.0522,19,21),(2626,700.1,'2017-12-06 17:33:03',-22.8331,-47.0522,19,21),(2627,700.1,'2017-12-06 17:33:03',-22.8331,-47.0522,19,21),(2628,700.1,'2017-12-06 17:34:03',-22.8331,-47.0522,19,21),(2629,700.1,'2017-12-06 17:34:03',-22.8331,-47.0522,19,21),(2630,700.1,'2017-12-06 17:35:03',-22.8331,-47.0521,20,21),(2631,700.1,'2017-12-06 17:35:03',-22.8331,-47.0521,20,21),(2632,700.1,'2017-12-06 17:36:42',-22.8331,-47.0521,20,21),(2633,700.1,'2017-12-06 17:36:42',-22.8331,-47.0521,20,21),(2634,700.1,'2017-12-06 17:37:42',-22.8331,-47.0522,19,21),(2635,700.1,'2017-12-06 17:37:42',-22.8331,-47.0522,19,21),(2636,700.1,'2017-12-06 17:38:42',-22.8331,-47.0521,20,21),(2637,700.1,'2017-12-06 17:38:42',-22.8331,-47.0521,20,21),(2638,700.1,'2017-12-06 17:39:42',-22.8331,-47.0521,20,21),(2639,700.1,'2017-12-06 17:39:42',-22.8331,-47.0521,20,21),(2640,700.1,'2017-12-06 17:40:42',-22.8331,-47.0522,19,21),(2641,700.1,'2017-12-06 17:40:42',-22.8331,-47.0522,19,21),(2642,0,'2017-12-06 19:44:35',-22.8306,-47.0679,2400,21),(2643,0,'2017-12-06 19:47:41',-22.8306,-47.0679,2400,21),(2644,0,'2017-12-06 19:48:40',-22.8306,-47.0679,2400,21),(2645,0,'2017-12-06 19:49:58',-22.8306,-47.0679,2400,21),(2646,0,'2017-12-06 19:49:58',-22.8306,-47.0679,2400,21),(2647,0,'2017-12-06 19:51:00',-22.8306,-47.0679,2400,21),(2648,0,'2017-12-06 19:51:00',-22.8306,-47.0679,2400,21),(2649,0,'2017-12-06 19:51:21',-22.8306,-47.0679,2400,21),(2650,0,'2017-12-06 19:51:59',-22.8306,-47.0679,2400,21),(2651,0,'2017-12-06 19:51:59',-22.8306,-47.0679,2400,21),(2652,0,'2017-12-06 19:52:21',-22.8306,-47.0679,2400,21),(2653,0,'2017-12-06 19:52:59',-22.8306,-47.0679,2400,21),(2654,0,'2017-12-06 19:52:59',-22.8306,-47.0679,2400,21),(2655,0,'2017-12-06 19:53:19',-22.8306,-47.0679,2400,21),(2656,0,'2017-12-06 19:53:22',-22.8306,-47.0679,2400,21),(2657,0,'2017-12-06 19:54:00',-22.8306,-47.0679,2400,21),(2658,0,'2017-12-06 19:54:00',-22.8306,-47.0679,2400,21),(2659,0,'2017-12-06 19:54:21',-22.8306,-47.0679,2400,21),(2660,0,'2017-12-06 19:54:21',-22.8306,-47.0679,2400,21),(2661,0,'2017-12-06 19:56:12',-22.8306,-47.0679,2400,21),(2662,0,'2017-12-06 19:56:12',-22.8306,-47.0679,2400,21),(2663,0,'2017-12-06 19:56:12',-22.8306,-47.0679,2400,21),(2664,0,'2017-12-06 19:56:12',-22.8306,-47.0679,2400,21),(2665,0,'2017-12-06 19:57:23',-22.8306,-47.0679,2400,21),(2666,0,'2017-12-06 19:57:23',-22.8306,-47.0679,2400,21),(2667,0,'2017-12-06 19:57:23',-22.8306,-47.0679,2400,21),(2668,0,'2017-12-06 19:57:23',-22.8306,-47.0679,2400,21),(2669,0,'2017-12-06 19:58:21',-22.8333,-47.0618,1899,21),(2670,0,'2017-12-06 19:58:21',-22.8333,-47.0618,1899,21),(2671,0,'2017-12-06 19:58:21',-22.8333,-47.0618,1899,21),(2672,0,'2017-12-06 19:58:22',-22.8333,-47.0618,1899,21),(2673,0,'2017-12-06 19:58:37',-22.8333,-47.0618,1899,21),(2674,0,'2017-12-06 19:59:22',-22.8333,-47.0618,1899,21),(2675,0,'2017-12-06 19:59:22',-22.8333,-47.0618,1899,21),(2676,0,'2017-12-06 19:59:22',-22.8333,-47.0618,1899,21),(2677,0,'2017-12-06 19:59:22',-22.8333,-47.0618,1899,21),(2678,0,'2017-12-06 19:59:38',-22.8333,-47.0618,1899,21),(2679,0,'2017-12-06 20:00:16',-22.8333,-47.0618,1899,21),(2680,0,'2017-12-06 20:00:22',-22.8333,-47.0618,1899,21),(2681,0,'2017-12-06 20:00:22',-22.8333,-47.0618,1899,21),(2682,0,'2017-12-06 20:00:22',-22.8333,-47.0618,1899,21),(2683,0,'2017-12-06 20:00:22',-22.8333,-47.0618,1899,21),(2684,0,'2017-12-06 20:00:37',-22.8333,-47.0618,1899,21),(2685,0,'2017-12-06 20:01:51',-22.8333,-47.0618,1899,21),(2686,0,'2017-12-06 20:01:52',-22.8333,-47.0618,1899,21),(2687,0,'2017-12-06 20:01:52',-22.8333,-47.0618,1899,21),(2688,0,'2017-12-06 20:01:52',-22.8333,-47.0618,1899,21),(2689,0,'2017-12-06 20:01:52',-22.8333,-47.0618,1899,21),(2690,0,'2017-12-06 20:01:53',-22.8333,-47.0618,1899,21),(2691,0,'2017-12-06 20:10:19',-22.8333,-47.0618,1899,21),(2692,0,'2017-12-06 20:10:19',-22.8333,-47.0618,1899,21),(2693,0,'2017-12-06 20:10:19',-22.8333,-47.0618,1899,21),(2694,0,'2017-12-06 20:10:19',-22.8333,-47.0618,1899,21),(2695,0,'2017-12-06 20:10:19',-22.8333,-47.0618,1899,21),(2696,0,'2017-12-06 20:10:20',-22.8333,-47.0618,1899,21),(2697,0,'2017-12-06 20:10:20',-22.8333,-47.0618,1899,21),(2698,0,'2017-12-06 20:11:18',-22.8306,-47.0679,2400,21),(2699,0,'2017-12-06 20:11:18',-22.8306,-47.0679,2400,21),(2700,0,'2017-12-06 20:11:18',-22.8306,-47.0679,2400,21),(2701,0,'2017-12-06 20:11:18',-22.8306,-47.0679,2400,21),(2702,0,'2017-12-06 20:11:18',-22.8306,-47.0679,2400,21),(2703,0,'2017-12-06 20:11:19',-22.8306,-47.0679,2400,21),(2704,0,'2017-12-06 20:11:19',-22.8306,-47.0679,2400,21),(2705,0,'2017-12-06 20:11:28',-22.8306,-47.0679,2400,21),(2706,0,'2017-12-06 20:12:17',-22.8306,-47.0679,2400,21),(2707,0,'2017-12-06 20:12:17',-22.8306,-47.0679,2400,21),(2708,0,'2017-12-06 20:12:17',-22.8306,-47.0679,2400,21),(2709,0,'2017-12-06 20:12:17',-22.8306,-47.0679,2400,21),(2710,0,'2017-12-06 20:12:17',-22.8306,-47.0679,2400,21),(2711,0,'2017-12-06 20:12:18',-22.8306,-47.0679,2400,21),(2712,0,'2017-12-06 20:12:19',-22.8306,-47.0679,2400,21),(2713,0,'2017-12-06 20:12:29',-22.8306,-47.0679,2400,21),(2714,0,'2017-12-06 20:13:17',-22.8306,-47.0679,2400,21),(2715,0,'2017-12-06 20:13:18',-22.8306,-47.0679,2400,21),(2716,0,'2017-12-06 20:13:18',-22.8306,-47.0679,2400,21),(2717,0,'2017-12-06 20:13:18',-22.8306,-47.0679,2400,21),(2718,0,'2017-12-06 20:13:18',-22.8306,-47.0679,2400,21),(2719,0,'2017-12-06 20:13:18',-22.8306,-47.0679,2400,21),(2720,0,'2017-12-06 20:13:18',-22.8306,-47.0679,2400,21),(2721,0,'2017-12-06 20:13:29',-22.8306,-47.0679,2400,21),(2722,0,'2017-12-06 20:14:17',-22.8306,-47.0679,2400,21),(2723,0,'2017-12-06 20:14:17',-22.8306,-47.0679,2400,21),(2724,0,'2017-12-06 20:14:17',-22.8306,-47.0679,2400,21),(2725,0,'2017-12-06 20:14:17',-22.8306,-47.0679,2400,21),(2726,0,'2017-12-06 20:14:17',-22.8306,-47.0679,2400,21),(2727,0,'2017-12-06 20:14:18',-22.8306,-47.0679,2400,21),(2728,0,'2017-12-06 20:14:18',-22.8306,-47.0679,2400,21),(2729,0,'2017-12-06 20:14:29',-22.8306,-47.0679,2400,21),(2730,0,'2017-12-06 20:14:46',-22.8306,-47.0679,2400,21),(2731,0,'2017-12-06 20:15:17',-22.8306,-47.0679,2400,21),(2732,0,'2017-12-06 20:15:17',-22.8306,-47.0679,2400,21),(2733,0,'2017-12-06 20:15:17',-22.8306,-47.0679,2400,21),(2734,0,'2017-12-06 20:15:17',-22.8306,-47.0679,2400,21),(2735,0,'2017-12-06 20:15:17',-22.8306,-47.0679,2400,21),(2736,0,'2017-12-06 20:15:18',-22.8306,-47.0679,2400,21),(2737,0,'2017-12-06 20:15:18',-22.8306,-47.0679,2400,21),(2738,0,'2017-12-06 20:15:28',-22.8306,-47.0679,2400,21),(2739,0,'2017-12-06 20:16:05',-22.8306,-47.0679,2400,21),(2740,0,'2017-12-06 20:16:05',-22.8306,-47.0679,2400,21),(2741,0,'2017-12-06 20:16:45',-22.8306,-47.0679,2400,21),(2742,0,'2017-12-06 20:16:45',-22.8306,-47.0679,2400,21),(2743,0,'2017-12-06 20:16:45',-22.8306,-47.0679,2400,21),(2744,0,'2017-12-06 20:16:45',-22.8306,-47.0679,2400,21),(2745,0,'2017-12-06 20:16:45',-22.8306,-47.0679,2400,21),(2746,0,'2017-12-06 20:16:45',-22.8306,-47.0679,2400,21),(2747,0,'2017-12-06 20:16:46',-22.8306,-47.0679,2400,21),(2748,0,'2017-12-06 20:16:46',-22.8306,-47.0679,2400,21),(2749,0,'2017-12-06 20:17:04',-22.8306,-47.0679,2400,21),(2750,0,'2017-12-06 20:17:04',-22.8306,-47.0679,2400,21),(2751,0,'2017-12-06 20:38:54',-22.8299,-47.0633,2000,21),(2752,0,'2017-12-06 20:38:54',-22.8299,-47.0633,2000,21),(2753,0,'2017-12-06 20:38:54',-22.8299,-47.0633,2000,21),(2754,0,'2017-12-06 20:38:54',-22.8299,-47.0633,2000,21),(2755,0,'2017-12-06 20:38:54',-22.8299,-47.0633,2000,21),(2756,0,'2017-12-06 20:38:55',-22.8299,-47.0633,2000,21),(2757,0,'2017-12-06 20:38:55',-22.8299,-47.0633,2000,21),(2758,0,'2017-12-06 20:38:55',-22.8299,-47.0633,2000,21),(2759,0,'2017-12-06 20:38:55',-22.8299,-47.0633,2000,21),(2760,0,'2017-12-06 20:38:55',-22.8299,-47.0633,2000,21),(2761,631.1,'2018-02-02 17:33:56',-22.812,-47.0479,19,46),(2762,695.6,'2018-02-09 23:17:27',-22.8927,-47.0258,31,30);
/*!40000 ALTER TABLE `localizacao` ENABLE KEYS */;
UNLOCK TABLES;

--
-- Table structure for table `mensagem`
--

DROP TABLE IF EXISTS `mensagem`;
/*!40101 SET @saved_cs_client     = @@character_set_client */;
/*!40101 SET character_set_client = utf8 */;
CREATE TABLE `mensagem` (
  `id_mensagem` bigint(20) NOT NULL AUTO_INCREMENT,
  `conteudo` varchar(255) NOT NULL,
  `data_msg` datetime DEFAULT NULL,
  `id_receiver` bigint(20) NOT NULL,
  `id_sender` bigint(20) NOT NULL,
  `fk_pedido` bigint(20) NOT NULL,
  PRIMARY KEY (`id_mensagem`),
  KEY `FK10n6bpjxdtb6jpyjw4yowuu08` (`fk_pedido`),
  CONSTRAINT `FK10n6bpjxdtb6jpyjw4yowuu08` FOREIGN KEY (`fk_pedido`) REFERENCES `pedido` (`id_pedido`)
) ENGINE=InnoDB AUTO_INCREMENT=48 DEFAULT CHARSET=latin1;
/*!40101 SET character_set_client = @saved_cs_client */;

--
-- Dumping data for table `mensagem`
--

LOCK TABLES `mensagem` WRITE;
/*!40000 ALTER TABLE `mensagem` DISABLE KEYS */;
INSERT INTO `mensagem` VALUES (1,'Oi! Estarei na sala do lab ceatec 10 até as 19.','2017-11-16 20:43:20',2,21,3),(2,'Ok! Passo aí daqui 15 minutos','2017-11-16 17:44:33',21,2,3),(3,'Oi Joao, onde nos encontramos?','2017-11-16 18:12:30',21,2,4),(4,'Olá Aline! Estou no H6, pode vir até aqui? ','2017-11-16 18:13:22',2,21,4),(6,'Oie','2017-11-17 22:35:54',4,21,5),(7,'Ola!','2017-11-17 22:36:36',21,4,5),(8,'oi! onde está','2017-11-18 16:28:56',11,4,6),(9,'oi, estou no lab h6','2017-11-18 16:29:38',4,11,6),(10,'','2017-11-18 16:29:39',4,11,6),(11,'ok vouai','2017-11-18 16:30:08',11,4,6),(12,'Estou aqui em casa ','2017-11-19 14:40:32',2,30,7),(13,'Nos encontramos aqui','2017-11-19 14:42:01',2,30,7),(14,'Onde voce está?','2017-11-19 17:30:13',10,2,17),(15,'Estou na praça de alimentação','2017-11-19 17:31:30',2,10,17),(16,'Até que horas eu posso buscar?','2017-11-19 17:55:56',10,2,17),(17,'olá','2017-11-20 17:05:21',10,2,44),(18,'pode virno h6?','2017-11-20 17:05:33',10,2,44),(19,'oi','2017-11-20 17:05:42',2,10,44),(20,'posso sim, te encontro au','2017-11-20 17:05:50',2,10,44),(21,'fechou','2017-11-20 17:05:57',10,2,44),(22,'Oi,onde nos encontraremos?','2017-11-21 19:23:06',10,33,45),(23,'No lab h6','2017-11-21 19:23:20',33,10,45),(24,'Sala 1p? ','2017-11-21 19:23:28',10,33,45),(25,'Qual sabor voce quer?','2017-11-21 19:23:35',33,10,45),(26,'nutella','2017-11-21 19:24:02',10,33,45),(27,'olá  onde Vc. esta','2017-11-21 21:26:34',21,33,46),(28,'estou no lab h6','2017-11-21 21:26:47',33,21,46),(29,'ok acaminho','2017-11-21 21:26:56',21,33,46),(30,'bla','2017-12-02 01:16:02',10,4,21),(31,'oi lari onde vamos nos encontrar?','2017-12-03 18:36:53',21,33,56),(32,'oi, estou no dom Gilberto','2017-12-03 18:37:13',33,21,56),(33,'a caminho ','2017-12-03 18:37:24',21,33,56),(34,'oi.','2017-12-05 18:11:32',21,45,60),(35,'oie','2017-12-05 18:11:42',45,21,60),(36,'oie','2017-12-05 18:11:43',45,21,60),(37,'Oi! vamos nos encontrar aonde?','2017-12-05 21:15:32',21,33,61),(38,'estou no dom Gilberto','2017-12-05 21:16:25',33,21,61),(39,'a caminho ','2017-12-05 21:16:36',21,33,61),(40,'Oi onde nos encontramos?','2017-12-05 21:36:05',21,33,62),(41,'estou no dom Gilberto','2017-12-05 21:36:19',33,21,62),(42,'a caminho ','2017-12-05 21:36:30',21,33,62),(43,'oi','2017-12-06 00:43:47',30,45,59),(44,'oi','2017-12-06 00:44:55',45,30,59),(45,'oi Larissa tudo bom? onde nos encontramos?','2017-12-06 17:25:59',21,33,65),(46,'oi, estou No dom Gilberto','2017-12-06 17:26:11',33,21,65),(47,'Ok a caminho!','2017-12-06 17:26:23',21,33,65);
/*!40000 ALTER TABLE `mensagem` ENABLE KEYS */;
UNLOCK TABLES;

--
-- Table structure for table `pagamento`
--

DROP TABLE IF EXISTS `pagamento`;
/*!40101 SET @saved_cs_client     = @@character_set_client */;
/*!40101 SET character_set_client = utf8 */;
CREATE TABLE `pagamento` (
  `id_pagamento` bigint(20) NOT NULL AUTO_INCREMENT,
  `descricao` varchar(255) DEFAULT NULL,
  PRIMARY KEY (`id_pagamento`),
  UNIQUE KEY `UK_dksbys9s38ch3f1itu6v1d89u` (`descricao`)
) ENGINE=InnoDB AUTO_INCREMENT=3 DEFAULT CHARSET=latin1;
/*!40101 SET character_set_client = @saved_cs_client */;

--
-- Dumping data for table `pagamento`
--

LOCK TABLES `pagamento` WRITE;
/*!40000 ALTER TABLE `pagamento` DISABLE KEYS */;
INSERT INTO `pagamento` VALUES (2,'Débito'),(1,'Dinheiro');
/*!40000 ALTER TABLE `pagamento` ENABLE KEYS */;
UNLOCK TABLES;

--
-- Table structure for table `pedido`
--

DROP TABLE IF EXISTS `pedido`;
/*!40101 SET @saved_cs_client     = @@character_set_client */;
/*!40101 SET character_set_client = utf8 */;
CREATE TABLE `pedido` (
  `id_pedido` bigint(20) NOT NULL AUTO_INCREMENT,
  `data_confirmacao` datetime DEFAULT NULL,
  `data_finalizacao` datetime DEFAULT NULL,
  `data_solicitada` datetime NOT NULL,
  `deletado` bit(1) NOT NULL,
  `nota` int(11) DEFAULT NULL,
  `quantidade` int(11) NOT NULL,
  `status` varchar(255) NOT NULL,
  `token` varchar(255) NOT NULL,
  `valor_compra` float NOT NULL,
  `fk_cliente` bigint(20) NOT NULL,
  `fk_pagamento` bigint(20) NOT NULL,
  `fk_produto` bigint(20) NOT NULL,
  `comentario_avaliacao` varchar(255) DEFAULT NULL,
  `data_avaliado` datetime DEFAULT NULL,
  PRIMARY KEY (`id_pedido`),
  KEY `FKg3dm7v4kilvvujf01n8ikqeaq` (`fk_cliente`),
  KEY `FK83ehsx0plaoscrscrrcr0kx18` (`fk_pagamento`),
  KEY `FKijwiamsyv12fshxrhyn2atu6m` (`fk_produto`),
  CONSTRAINT `FK83ehsx0plaoscrscrrcr0kx18` FOREIGN KEY (`fk_pagamento`) REFERENCES `pagamento` (`id_pagamento`),
  CONSTRAINT `FKg3dm7v4kilvvujf01n8ikqeaq` FOREIGN KEY (`fk_cliente`) REFERENCES `cliente` (`id_cliente`),
  CONSTRAINT `FKijwiamsyv12fshxrhyn2atu6m` FOREIGN KEY (`fk_produto`) REFERENCES `produto` (`id_produto`)
) ENGINE=InnoDB AUTO_INCREMENT=68 DEFAULT CHARSET=latin1;
/*!40101 SET character_set_client = @saved_cs_client */;

--
-- Dumping data for table `pedido`
--

LOCK TABLES `pedido` WRITE;
/*!40000 ALTER TABLE `pedido` DISABLE KEYS */;
INSERT INTO `pedido` VALUES (1,'2017-11-20 14:43:55',NULL,'2017-11-16 16:48:20','\0',0,1,'Confirmado','6a05476320d20f6239df9dfe2ca3bc21',3.8,9,2,2,'',NULL),(2,NULL,NULL,'2017-11-16 17:14:15','\0',0,1,'Recusado','5f4c0cc9f9562e7b3ab6d82d45edb481',3.8,9,2,2,'',NULL),(3,'2017-11-16 17:42:13','2017-11-16 17:45:27','2017-11-16 17:39:09','\0',4,1,'Finalizado','d05aa817b3937a0df7d1d34bb1758064',2,1,1,1,'',NULL),(4,'2017-11-16 18:10:56','2017-11-16 18:14:36','2017-11-16 18:08:57','\0',5,2,'Finalizado','e89a41932c29b5e6353d52bea5c8e1e3',3,1,1,5,'',NULL),(5,'2017-11-17 21:57:22','2017-11-20 16:47:25','2017-11-17 21:56:54','\0',0,2,'Finalizado','dbbd4ab1645d0e5135e210f10de73077',3,2,2,5,'',NULL),(6,'2017-11-18 16:28:18','2017-11-18 16:30:29','2017-11-18 16:26:23','\0',4,2,'Finalizado','e57243276e143205b7d3e65951cffa2c',7.6,2,2,2,'',NULL),(7,'2017-11-19 14:17:11','2017-11-19 15:30:27','2017-11-19 14:16:24','\0',5,1,'Finalizado','f199ab36c452e68ec7da75c5798e26d5',2.85,1,1,15,'',NULL),(8,'2017-11-20 16:23:29','2017-11-20 16:45:33','2017-11-19 14:43:19','\0',4,1,'Finalizado','f5f8c4746221f869133b3163c3a8f603',2,9,2,1,'',NULL),(9,'2017-11-20 16:23:23','2017-11-20 16:42:51','2017-11-19 14:44:18','\0',0,2,'Finalizado','65b70ded48115cc6f58fe821573244a1',4,10,2,1,'',NULL),(10,'2017-11-19 16:17:24','2017-11-19 16:27:32','2017-11-19 15:07:29','\0',0,3,'Finalizado','00b359c832bbdbce3a3b78810b1d2d16',4.5,2,1,5,'',NULL),(11,'2017-11-19 16:17:21','2017-11-19 16:19:39','2017-11-19 15:10:18','\0',5,1,'Finalizado','795a161ba719bf7188608685ec2c713c',2,2,2,1,'',NULL),(12,'2017-11-19 15:33:25','2017-11-19 15:33:40','2017-11-19 15:32:47','\0',4,2,'Finalizado','9e213d90d06242e2ff8487ae9835d03c',11.2,1,1,16,'',NULL),(13,'2017-11-19 15:50:22','2017-11-19 15:51:16','2017-11-19 15:48:54','\0',0,10,'Finalizado','5079e5e06dfcdc9a5e2377dda566edae',5,6,1,14,'',NULL),(14,'2017-11-19 15:53:16','2017-11-19 15:53:41','2017-11-19 15:52:46','\0',1,4,'Finalizado','d7617fc7aa6a6ab75c6954315eb2f992',2,1,1,14,'',NULL),(15,'2017-11-10 15:55:10','2017-11-10 15:55:55','2017-11-10 15:54:59','\0',5,2,'Finalizado','0dd278205ed064a84ea596efd15fc9c1',1,2,1,14,'',NULL),(16,NULL,NULL,'2017-11-19 16:40:51','\0',0,1,'Recusado','d4a3ad74351b23f433d6822f95b5f4cd',2.5,1,1,10,'',NULL),(17,'2017-11-19 17:26:53','2017-11-20 14:33:02','2017-11-19 17:24:41','\0',0,2,'Finalizado','70c026dda66c8f7a23cbfa83dcad7287',1.7,1,1,13,'',NULL),(18,NULL,NULL,'2017-11-19 17:25:06','\0',0,1,'Cancelado','f76bd48354cc7acfbdc8138a71cc44b5',2.5,1,1,10,'',NULL),(19,'2017-11-20 14:43:51','2017-11-20 14:52:18','2017-11-19 17:48:00','\0',0,1,'Finalizado','84dad5773c7600571175e7b3d18dd80c',3.8,1,2,2,'',NULL),(20,'2017-11-10 18:01:00','2017-11-10 18:01:41','2017-11-10 18:00:41','\0',5,1,'Finalizado','ca02d4151de373c1510066a55dbeb1ca',0.5,1,1,14,'',NULL),(21,'2017-11-20 16:26:38',NULL,'2017-11-20 10:40:54','\0',0,1,'Confirmado','b844211112d9682d8c8133de2707f09f',0.85,2,1,13,'',NULL),(22,'2017-11-20 11:09:23','2017-11-20 11:16:57','2017-11-20 10:45:56','\0',3,2,'Finalizado','1e2ce5037e92907f7f9331d2bc3fba51',3,14,1,5,'',NULL),(23,'2017-11-20 14:43:48','2017-11-20 14:52:01','2017-11-20 11:57:17','\0',0,1,'Finalizado','17c97176e6f381acb46c6a940a791959',3.8,1,2,2,'',NULL),(24,NULL,NULL,'2017-11-20 12:24:05','\0',0,2,'Cancelado','cf8a9054a6891a66c990591a9c1efd78',10.9,1,1,20,'',NULL),(25,'2017-11-20 14:43:45','2017-11-20 14:51:11','2017-11-20 12:47:04','\0',0,2,'Finalizado','196ce900c5de1de5bb4daecc68bf5471',7.6,1,2,2,'',NULL),(26,'2017-11-20 14:43:42','2017-11-20 14:51:00','2017-11-20 12:47:38','\0',0,2,'Finalizado','e7ecbf521250a543c2274ccce32219ff',2.5,1,2,3,'',NULL),(27,'2017-11-20 16:15:02','2017-11-20 14:42:16','2017-11-20 12:51:52','\0',0,1,'Finalizado','5a8e8ec935a345665e2f5acac3186dee',4.4,1,1,17,'',NULL),(28,'2017-11-20 16:14:50','2017-11-20 14:41:03','2017-11-20 12:52:16','\0',0,1,'Finalizado','0222478ee4bdb99abbcc1e7b6e1d9632',6.9,1,1,19,'',NULL),(29,'2017-11-20 14:53:33',NULL,'2017-11-20 12:54:39','\0',0,1,'Confirmado','fb3b72e19fb757092bea4290286d3162',4.75,1,2,7,'',NULL),(30,'2017-11-20 14:53:25','2017-11-20 14:54:40','2017-11-20 12:55:13','\0',1,1,'Finalizado','31ce001b1d6e5c88f7895585c7a1982e',6.9,1,1,8,'',NULL),(31,'2017-11-20 16:26:11','2017-11-20 14:32:05','2017-11-20 12:56:16','\0',3,1,'Finalizado','f23e549c5809d04575db72a3e82efea7',2.5,1,1,10,'',NULL),(32,'2017-11-20 16:26:05','2017-11-20 14:31:11','2017-11-20 12:56:47','\0',5,1,'Finalizado','0bf633dbcad637f1782d3351587d5e02',2.45,1,1,11,'',NULL),(33,'2017-11-19 16:25:52','2017-11-19 14:30:01','2017-11-19 12:57:24','\0',4,3,'Finalizado','916cf92e105a946dc8756448b53686cd',18,1,1,12,'',NULL),(34,'2017-11-20 16:25:36','2017-11-20 16:27:56','2017-11-20 12:58:23','\0',5,1,'Finalizado','ce97ff42675c7da0d69324201d966fb1',0.85,1,1,13,'',NULL),(35,'2017-11-20 16:23:10','2017-11-20 14:38:57','2017-11-20 12:59:55','\0',3,1,'Finalizado','cfb0dfbd730b7e71666c8894559e6a98',2,1,1,6,'Bom!','2017-11-27 16:36:31'),(36,'2017-11-20 16:23:01','2017-11-20 14:37:51','2017-11-20 13:00:04','\0',4,6,'Finalizado','51a2ecce6c27be8b5a7ce6d6a02e3ff7',12,1,1,6,'','2017-11-27 16:37:54'),(37,'2017-11-20 14:44:36','2017-11-20 14:49:04','2017-11-20 13:01:16','\0',5,4,'Finalizado','93f3b82d769ea547bd4eda0e49653ddd',38.6,1,1,18,'',NULL),(38,'2017-11-20 14:44:33','2017-11-20 14:48:11','2017-11-20 13:01:50','\0',3,7,'Finalizado','f493156309d2abdec9e3227d65f9f6bc',39.2,1,1,16,'','2017-11-27 16:37:32'),(39,'2017-11-20 15:03:11',NULL,'2017-11-20 16:58:33','\0',0,2,'Confirmado','6f2e76b3877ac6a1a9c9fd2462a9e102',5,8,1,10,'',NULL),(40,'2017-11-20 15:03:14',NULL,'2017-11-20 17:01:09','\0',0,5,'Confirmado','cc81c10d7656e37c2e46de87850ce772',4.25,12,1,13,'',NULL),(41,NULL,NULL,'2017-11-20 17:02:29','\0',0,3,'Cancelado','8b798ae39b9dddd7ab9df9d9eac56eb8',1.5,12,1,14,'',NULL),(42,'2017-11-20 17:04:19',NULL,'2017-11-20 17:06:19','\0',0,3,'Confirmado','f9733f696e0bcc4b726c08b409993197',2.55,10,1,13,'',NULL),(43,'2017-11-21 18:34:29',NULL,'2017-11-20 17:01:37','\0',0,2,'Confirmado','eca7f860786721b6ae80cd3905cf62d8',12,9,1,12,'',NULL),(44,'2017-11-10 17:04:54','2017-11-10 17:06:18','2017-11-10 17:02:42','\0',0,1,'Finalizado','b32e1324bb05602fa7785befe7b7cf7d',0.5,1,1,14,'',NULL),(45,'2017-11-21 19:20:51','2017-11-21 19:24:23','2017-11-21 19:19:26','\0',2,3,'Finalizado','24f33850544e10eeeb51748dfb829e86',7.5,14,1,10,'',NULL),(46,'2017-11-21 21:25:56','2017-11-21 21:27:15','2017-11-21 21:24:13','\0',3,1,'Finalizado','2581cbc07e5e2f5b3a843b8965043b74',1.5,14,2,5,'',NULL),(47,NULL,NULL,'2017-11-22 10:40:53','\0',0,1,'Solicitado','95ac17dea66c4ad2f1bfc6e2c80c856c',2.5,9,1,10,'',NULL),(48,'2017-11-24 21:19:06','2017-11-24 21:19:53','2017-11-24 21:17:17','\0',3,1,'Finalizado','e76e225b74b113446fd33b45cfb13699',6,14,1,12,'Gostoso mas talvez colocar mais recheio!','2017-11-28 23:56:48'),(49,'2017-11-24 22:40:29',NULL,'2017-11-24 22:27:59','\0',0,1,'Confirmado','2fc136202760e2a4c9d0a2a667a5e074',6.9,8,2,19,NULL,NULL),(50,'2017-11-25 18:35:36','2017-11-25 18:36:40','2017-11-25 18:35:16','\0',0,1,'Finalizado','355ea0d1731a0fc23efb62b805d6a57d',2,14,2,6,NULL,NULL),(51,NULL,NULL,'2017-12-03 17:27:25','\0',0,1,'Cancelado','533a008c6acd0f801ba692a3babcc84b',1.5,14,2,5,NULL,NULL),(52,'2017-12-03 18:19:43','2017-12-03 18:50:13','2017-12-03 18:15:44','\0',0,1,'Finalizado','9542a173edb561786af1524982c0364e',1.5,14,2,5,NULL,NULL),(53,'2017-12-03 18:19:38','2017-12-03 18:49:35','2017-12-03 18:16:44','\0',0,2,'Finalizado','7bb6e7e0be653c85a3c0aef0842051da',4,14,1,1,NULL,NULL),(54,NULL,NULL,'2017-12-03 18:18:43','\0',0,1,'Recusado','295fd21387a7167438f7ded4691a7aec',1.5,14,2,5,NULL,NULL),(55,'2017-12-03 18:47:09','2017-12-03 18:48:48','2017-12-03 18:33:02','\0',4,1,'Finalizado','a7537ffe6fa690d2f96b77f53a52f48c',2,14,2,1,'','2018-02-09 23:14:11'),(56,'2017-12-03 18:35:51','2017-12-03 18:37:58','2017-12-03 18:34:36','\0',4,1,'Finalizado','9d995e19c49ba33246a642ff5abdfacd',2,14,2,1,'muito gostoso, comprarei novamente!','2017-12-03 18:38:57'),(57,'2017-12-05 18:14:29','2017-12-05 18:16:56','2017-12-03 19:19:26','\0',0,1,'Finalizado','2ff4200fe219972214f2f898fe82482d',2,2,1,6,NULL,NULL),(58,'2017-12-04 09:58:58','2017-12-05 18:15:47','2017-12-03 19:21:16','\0',4,1,'Finalizado','8963fe2026a33549883c1b0a9aeaf457',2,2,1,6,'','2017-12-06 00:29:40'),(59,'2017-12-04 21:20:19',NULL,'2017-12-04 21:19:47','\0',0,3,'Confirmado','ca15bff07722ab0bdb816a5427ba0ef4',6,24,1,24,NULL,NULL),(60,'2017-12-05 18:10:07','2017-12-05 18:12:06','2017-12-05 18:09:44','\0',5,5,'Finalizado','5f722c66ca1b5daf691120ea8bbfb8ff',7.5,24,2,5,'Muito bom :)','2017-12-05 18:12:56'),(61,'2017-12-05 21:13:51','2017-12-05 21:17:47','2017-12-05 21:12:55','\0',5,2,'Finalizado','5f88364d3f7202615be063c6b709cf25',4,14,1,1,'ótimo ','2017-12-05 21:18:37'),(62,'2017-12-05 21:35:00','2017-12-05 21:36:56','2017-12-05 21:33:55','\0',5,3,'Finalizado','528b8620f43379c309757c367c669186',6,14,1,1,'muito Bom!!','2017-12-05 21:37:53'),(63,'2017-12-06 14:39:38',NULL,'2017-12-06 14:38:48','\0',0,1,'Confirmado','fb5248920a60b5901e2a959650d3201d',2.5,14,1,10,NULL,NULL),(64,'2017-12-06 15:24:05',NULL,'2017-12-06 15:23:45','\0',0,1,'Confirmado','fb92221d9295f4b626266514bdda21ec',1.5,14,1,5,NULL,NULL),(65,'2017-12-06 17:24:32','2017-12-06 17:26:44','2017-12-06 17:23:24','\0',5,2,'Finalizado','66429d23f52e177182b9eb5c88a90f89',4,14,1,1,'produto muito gostoso','2017-12-06 17:27:32'),(66,NULL,NULL,'2018-02-02 17:39:51','\0',0,7,'Solicitado','7ffaa50d85fd7abdc474764a319d3d70',3.5,14,1,14,NULL,NULL),(67,NULL,NULL,'2018-02-09 23:13:12','\0',0,4,'Solicitado','cdf0e4cca71e5515f9c6476da59a3a53',9.8,14,1,11,NULL,NULL);
/*!40000 ALTER TABLE `pedido` ENABLE KEYS */;
UNLOCK TABLES;

--
-- Table structure for table `produto`
--

DROP TABLE IF EXISTS `produto`;
/*!40101 SET @saved_cs_client     = @@character_set_client */;
/*!40101 SET character_set_client = utf8 */;
CREATE TABLE `produto` (
  `id_produto` bigint(20) NOT NULL AUTO_INCREMENT,
  `data_preparacao` datetime NOT NULL,
  `deletado` bit(1) NOT NULL,
  `imagem_principal` varchar(255) DEFAULT NULL,
  `nome` varchar(100) NOT NULL,
  `observacao` varchar(255) DEFAULT NULL,
  `preco` float NOT NULL,
  `quantidade` int(11) NOT NULL,
  `score` float DEFAULT NULL,
  `fk_categoria` bigint(20) NOT NULL,
  `fk_vendedor` bigint(20) NOT NULL,
  PRIMARY KEY (`id_produto`),
  KEY `FKlw139dlmif9wtgon13eskibw3` (`fk_categoria`),
  KEY `FK6vmpeox2sijx20r890ur89sp4` (`fk_vendedor`),
  CONSTRAINT `FK6vmpeox2sijx20r890ur89sp4` FOREIGN KEY (`fk_vendedor`) REFERENCES `vendedor` (`id_vendedor`),
  CONSTRAINT `FKlw139dlmif9wtgon13eskibw3` FOREIGN KEY (`fk_categoria`) REFERENCES `categoria` (`id_categoria`)
) ENGINE=InnoDB AUTO_INCREMENT=29 DEFAULT CHARSET=latin1;
/*!40101 SET character_set_client = @saved_cs_client */;

--
-- Dumping data for table `produto`
--

LOCK TABLES `produto` WRITE;
/*!40000 ALTER TABLE `produto` DISABLE KEYS */;
INSERT INTO `produto` VALUES (1,'2017-12-03 00:00:00','\0','https://res.cloudinary.com/foodertcc/image/upload/w_500/v1512329170/on7fxi7zttsf49ws06k5.png','Brigadeiro tradicional','Brigadeiro tradicional brasileiro',2,7,4,1,10),(2,'2017-11-18 00:00:00','\0','https://res.cloudinary.com/foodertcc/image/upload/w_500/v1510782571/zm5jlxgrepjzupknn8du.png','empadinha de palmito','',3.8,10,1,2,4),(3,'2017-11-18 00:00:00','\0','https://res.cloudinary.com/foodertcc/image/upload/w_500/v1510782771/z7zknqp1pzqyeczuoffm.png','Cookies','',1.25,36,0,1,4),(4,'2017-11-18 00:00:00','\0','https://res.cloudinary.com/foodertcc/image/upload/w_500/v1510782937/affsqppgnljdc8ewfauo.png','Coxinha de frango','',2.8,25,0,2,4),(5,'2017-11-12 22:00:00','\0','https://res.cloudinary.com/foodertcc/image/upload/w_500/v1510783088/ksdyaichsx0zp5kyjcpt.jpg','Bolinha de queijo','',1.5,13,4,2,10),(6,'2017-11-30 00:00:00','\0','https://res.cloudinary.com/foodertcc/image/upload/w_500/v1512329024/roko2a9rafwg4cvsflv9.png',' Bicho de pé','',2,5,3,1,10),(7,'2017-11-15 22:00:00','\0','https://res.cloudinary.com/foodertcc/image/upload/w_500/v1510859973/vubqpupdahsnjqeet9ak.png','Salada de Frutas','sem adição de açúcar\n',4.75,9,0,1,9),(8,'2017-11-15 22:00:00','\0','https://res.cloudinary.com/foodertcc/image/upload/w_500/v1510860361/tzglzysuawjrlh7uhscc.png','Salada em pote','sem tempero',6.9,14,1,2,9),(9,'2017-11-15 22:00:00','','https://res.cloudinary.com/foodertcc/image/upload/w_500/v1510860368/vmfjirvyvqnxu9nl1hze.png','Salada em pote','sem tempero',6.9,15,0,2,9),(10,'2017-11-21 00:00:00','\0','https://res.cloudinary.com/foodertcc/image/upload/w_500/v1510861088/t7op6l0kauyhvezggd0q.png','Churros','Churros de vários sabores',2.5,12,0,1,3),(11,'2017-11-15 22:00:00','\0','https://res.cloudinary.com/foodertcc/image/upload/w_500/v1510861351/pkx2u17nppeqdkqj2g4s.png','Brigadeiros Gourmet','brigadeiro de vários sabores:\nTorta de limão \nChurros\nTradicional\nLeite ninho',2.45,19,5,1,3),(12,'2017-11-15 22:00:00','\0','https://res.cloudinary.com/foodertcc/image/upload/w_500/v1510862124/pjesys93vyzsdblubkui.png','Torta de limão com chocolate','',6,10,3,1,3),(13,'2017-11-15 22:00:00','\0','https://res.cloudinary.com/foodertcc/image/upload/w_500/v1510864734/montubfxspl2yxpg8vs4.png','Olho de Sogra','',0.85,43,5,1,3),(14,'2017-11-15 22:00:00','\0','https://res.cloudinary.com/foodertcc/image/upload/w_500/v1510864873/lzytkrjnldhj5nw1quxy.png','Beijinho','',0.5,35,3,1,3),(15,'2017-11-28 22:00:00','\0','https://res.cloudinary.com/foodertcc/image/upload/w_500/v1511098311/eslffuuym4houjyygv4h.png','Mousse de Maracujá','',2.95,14,0,1,14),(16,'2017-11-18 22:00:00','\0','https://res.cloudinary.com/foodertcc/image/upload/w_500/v1511098839/fbfxmrcgmsmgxlawui49.png','Tortinha ','Torta de frutas vermelhas ',5.6,1,3,1,14),(17,'2017-11-23 00:00:00','\0','http://res.cloudinary.com/foodertcc/image/upload/w_500/v1511103074/hccghvc93jkgy86cxoca.jpg','Torta de Abacate com Avelãs','Fica mais saborosa se for consumida gelada.',4.7,10,0,1,12),(18,'2017-11-18 22:00:00','\0','https://res.cloudinary.com/foodertcc/image/upload/w_500/v1511138346/w8dqrnx3kwaesv5zdprj.png','Red Velvet','',9.65,1,5,1,14),(19,'2017-11-19 00:00:00','\0','http://res.cloudinary.com/foodertcc/image/upload/w_500/v1511196744/aced1a4a5818debf09b8083d8a7f3851_cbfhnd.jpg','Lasagna no pote','',6.9,3,0,2,12),(20,'2017-11-18 22:00:00','\0','https://res.cloudinary.com/foodertcc/image/upload/w_500/v1511142330/gjc0fcw9hk311dkknbdq.png','Pipoca ','',5.45,20,0,2,2),(21,'2017-11-19 00:00:00','\0','https://res.cloudinary.com/foodertcc/image/upload/v1511203089/hxkhfmt16uypatqjnmji.jpg','Black Brownie','Combina com sorvete de creme',7,15,0,1,12),(22,'2017-11-19 00:00:00','','https://res.cloudinary.com/foodertcc/image/upload/v1511203097/selagdkbi0nfsdky21je.jpg','Black Brownie','Combina com sorvete de creme',7,15,0,1,12),(23,'2017-11-19 22:00:00','\0','https://res.cloudinary.com/foodertcc/image/upload/v1511207125/nihznlezofwusrtvptow.jpg','Ovo de Páscoa','Ovo de Páscoa Vegano.',26.99,45,0,1,14),(24,'2017-11-19 22:00:00','\0','https://res.cloudinary.com/foodertcc/image/upload/v1511207362/ipriazcl9hoodilxaqqw.jpg','Tapioca Carne Seca','Tapioca de Carne Seca, a melhor da cidade!',2,17,0,2,14),(25,'2017-11-19 22:00:00','','','Tapiooocaaa excluir','',1.99,20,0,3,14),(26,'2017-11-18 22:00:00','','https://res.cloudinary.com/foodertcc/image/upload/v1511228100/vvj4xripu3qh9leibei3.jpg','Barra de cereal','snack fit e saudavel :)',3.5,35,0,1,18),(27,'2017-11-18 22:00:00','\0','https://res.cloudinary.com/foodertcc/image/upload/v1511228285/a2wmvhmtrydgpnnverb8.jpg','Barra de cereal de banana','snack light e saudável! :)',3.5,35,0,1,18),(28,'2017-11-20 00:00:00','','https://res.cloudinary.com/foodertcc/image/upload/v1511293199/e9idoa1lwn0ko2cuisiv.jpg','Cookies','',4.5,7,0,1,3);
/*!40000 ALTER TABLE `produto` ENABLE KEYS */;
UNLOCK TABLES;

--
-- Table structure for table `produto_ingrediente`
--

DROP TABLE IF EXISTS `produto_ingrediente`;
/*!40101 SET @saved_cs_client     = @@character_set_client */;
/*!40101 SET character_set_client = utf8 */;
CREATE TABLE `produto_ingrediente` (
  `id_produto` bigint(20) NOT NULL,
  `id_ingrediente` bigint(20) NOT NULL,
  PRIMARY KEY (`id_produto`,`id_ingrediente`),
  KEY `FKlyqben2xd3m46xqaff515uud` (`id_ingrediente`),
  CONSTRAINT `FKlyqben2xd3m46xqaff515uud` FOREIGN KEY (`id_ingrediente`) REFERENCES `ingrediente` (`id_ingrediente`),
  CONSTRAINT `FKpouru3i9pc2wepcmc3skt1bhb` FOREIGN KEY (`id_produto`) REFERENCES `produto` (`id_produto`)
) ENGINE=InnoDB DEFAULT CHARSET=latin1;
/*!40101 SET character_set_client = @saved_cs_client */;

--
-- Dumping data for table `produto_ingrediente`
--

LOCK TABLES `produto_ingrediente` WRITE;
/*!40000 ALTER TABLE `produto_ingrediente` DISABLE KEYS */;
INSERT INTO `produto_ingrediente` VALUES (1,1),(3,1),(10,1),(12,1),(23,1),(28,1),(1,2),(1,3),(1,4),(6,4),(1,5),(3,5),(6,5),(11,5),(14,5),(18,5),(28,5),(2,6),(4,6),(5,6),(28,6),(2,7),(8,7),(9,7),(19,7),(2,8),(3,9),(3,10),(6,10),(10,10),(13,10),(15,10),(16,10),(18,10),(21,10),(22,10),(4,11),(4,12),(5,13),(28,13),(5,14),(5,15),(6,16),(16,16),(7,17),(7,18),(7,19),(7,20),(7,21),(7,22),(8,23),(9,23),(8,24),(9,24),(19,24),(20,24),(8,25),(9,25),(8,26),(9,26),(19,26),(10,27),(10,28),(14,28),(10,29),(10,30),(11,30),(12,30),(13,30),(14,30),(15,30),(16,30),(12,31),(12,32),(13,33),(15,36),(15,37),(16,38),(16,39),(16,40),(18,40),(28,40),(16,41),(17,47),(21,47),(22,47),(23,47),(17,48),(17,49),(17,50),(17,51),(17,52),(18,53),(18,54),(19,55),(19,56),(19,57),(19,58),(19,59),(19,60),(19,61),(19,62),(20,63),(21,64),(22,64),(21,65),(22,65),(21,66),(22,66),(21,67),(22,67),(21,68),(22,68),(21,69),(22,69),(23,70),(24,71),(24,72),(24,73),(26,74),(27,74),(26,75),(27,75),(27,76);
/*!40000 ALTER TABLE `produto_ingrediente` ENABLE KEYS */;
UNLOCK TABLES;

--
-- Table structure for table `produto_restricao`
--

DROP TABLE IF EXISTS `produto_restricao`;
/*!40101 SET @saved_cs_client     = @@character_set_client */;
/*!40101 SET character_set_client = utf8 */;
CREATE TABLE `produto_restricao` (
  `id_produto` bigint(20) NOT NULL,
  `id_restricao` bigint(20) NOT NULL,
  PRIMARY KEY (`id_produto`,`id_restricao`),
  KEY `FK5m8h7ul3fg38sfxskq8bs51y8` (`id_restricao`),
  CONSTRAINT `FK5m8h7ul3fg38sfxskq8bs51y8` FOREIGN KEY (`id_restricao`) REFERENCES `restricao_dietetica` (`id_restricao`),
  CONSTRAINT `FKhsm6beeo37lrpcd5ls2aoc2su` FOREIGN KEY (`id_produto`) REFERENCES `produto` (`id_produto`)
) ENGINE=InnoDB DEFAULT CHARSET=latin1;
/*!40101 SET character_set_client = @saved_cs_client */;

--
-- Dumping data for table `produto_restricao`
--

LOCK TABLES `produto_restricao` WRITE;
/*!40000 ALTER TABLE `produto_restricao` DISABLE KEYS */;
INSERT INTO `produto_restricao` VALUES (1,1),(2,1),(5,1),(6,1),(7,1),(8,1),(9,1),(17,1),(19,1),(20,1),(21,1),(22,1),(26,1),(27,1),(28,1),(7,2),(8,2),(9,2),(17,2),(19,2),(20,2),(21,2),(22,2),(23,2),(26,2),(27,2),(28,2),(1,3),(8,3),(9,3),(15,3),(17,3),(23,3),(24,3),(8,4),(9,4),(19,4),(20,4),(21,4),(22,4),(23,4),(24,4),(24,5),(26,5),(27,5),(7,6),(24,7),(7,9),(8,9),(9,9),(26,9),(27,9),(28,9);
/*!40000 ALTER TABLE `produto_restricao` ENABLE KEYS */;
UNLOCK TABLES;

--
-- Table structure for table `produto_tag`
--

DROP TABLE IF EXISTS `produto_tag`;
/*!40101 SET @saved_cs_client     = @@character_set_client */;
/*!40101 SET character_set_client = utf8 */;
CREATE TABLE `produto_tag` (
  `id_produto` bigint(20) NOT NULL,
  `id_tag` bigint(20) NOT NULL,
  PRIMARY KEY (`id_produto`,`id_tag`),
  KEY `FK64cumpv0jn6827244oevutrms` (`id_tag`),
  CONSTRAINT `FK64cumpv0jn6827244oevutrms` FOREIGN KEY (`id_tag`) REFERENCES `tag` (`id_tag`),
  CONSTRAINT `FKc5aok9osa4ki5v3eoe96cjyoo` FOREIGN KEY (`id_produto`) REFERENCES `produto` (`id_produto`)
) ENGINE=InnoDB DEFAULT CHARSET=latin1;
/*!40101 SET character_set_client = @saved_cs_client */;

--
-- Dumping data for table `produto_tag`
--

LOCK TABLES `produto_tag` WRITE;
/*!40000 ALTER TABLE `produto_tag` DISABLE KEYS */;
INSERT INTO `produto_tag` VALUES (4,1),(10,4),(8,23),(9,23),(24,24),(5,25),(1,45),(3,45),(10,45),(12,45),(23,45),(28,45),(18,46),(1,49),(11,49),(1,52),(13,52),(20,88),(12,102),(16,102),(17,102),(2,103),(2,106),(1,112),(2,113),(12,113),(3,114),(28,114),(4,115),(5,116),(5,117),(6,118),(6,119),(6,120),(6,121),(7,122),(16,122),(7,123),(8,125),(9,125),(10,126),(14,126),(10,127),(10,128),(11,129),(12,130),(13,131),(14,132),(15,145),(15,146),(16,147),(17,153),(17,154),(19,154),(17,155),(18,157),(18,158),(19,159),(19,160),(21,160),(22,160),(21,174),(22,174),(23,175),(23,176),(23,177),(24,178),(24,179),(26,187),(27,187),(26,191),(27,191),(26,192),(27,192),(26,193),(27,193),(27,194),(28,195);
/*!40000 ALTER TABLE `produto_tag` ENABLE KEYS */;
UNLOCK TABLES;

--
-- Table structure for table `restricao_dietetica`
--

DROP TABLE IF EXISTS `restricao_dietetica`;
/*!40101 SET @saved_cs_client     = @@character_set_client */;
/*!40101 SET character_set_client = utf8 */;
CREATE TABLE `restricao_dietetica` (
  `id_restricao` bigint(20) NOT NULL AUTO_INCREMENT,
  `descricao` varchar(255) DEFAULT NULL,
  PRIMARY KEY (`id_restricao`),
  UNIQUE KEY `UK_7s6dtyifiq182sn4cih4787si` (`descricao`)
) ENGINE=InnoDB AUTO_INCREMENT=10 DEFAULT CHARSET=latin1;
/*!40101 SET character_set_client = @saved_cs_client */;

--
-- Dumping data for table `restricao_dietetica`
--

LOCK TABLES `restricao_dietetica` WRITE;
/*!40000 ALTER TABLE `restricao_dietetica` DISABLE KEYS */;
INSERT INTO `restricao_dietetica` VALUES (9,'Diet'),(6,'Frugívora'),(5,'Low carb'),(8,'Mediterrânea'),(7,'Paleolítica'),(3,'Sem glúten'),(4,'Sem lactose'),(2,'Vegano'),(1,'Vegetariano');
/*!40000 ALTER TABLE `restricao_dietetica` ENABLE KEYS */;
UNLOCK TABLES;

--
-- Table structure for table `tag`
--

DROP TABLE IF EXISTS `tag`;
/*!40101 SET @saved_cs_client     = @@character_set_client */;
/*!40101 SET character_set_client = utf8 */;
CREATE TABLE `tag` (
  `id_tag` bigint(20) NOT NULL AUTO_INCREMENT,
  `descricao` varchar(255) DEFAULT NULL,
  PRIMARY KEY (`id_tag`),
  UNIQUE KEY `UK_58u775g08wj3bi8lpkjoorlfj` (`descricao`)
) ENGINE=InnoDB AUTO_INCREMENT=208 DEFAULT CHARSET=latin1;
/*!40101 SET character_set_client = @saved_cs_client */;

--
-- Dumping data for table `tag`
--

LOCK TABLES `tag` WRITE;
/*!40000 ALTER TABLE `tag` DISABLE KEYS */;
INSERT INTO `tag` VALUES (91,'abacate'),(48,'acucar'),(36,'alcool'),(131,'ameixa'),(191,'banana'),(186,'batata'),(126,'beijinho'),(119,'bichodepe'),(46,'bolo'),(112,'brasileiro'),(49,'brigadeiro'),(87,'brigadeiroDeCacau'),(108,'brigadeiroSemAcucar'),(104,'brócolis'),(111,'cachorroquente'),(110,'caldo'),(179,'carne'),(178,'carneseca'),(6,'cebolinha'),(45,'chocolate'),(107,'chocolateDiet'),(4,'churros'),(51,'cobertura'),(43,'cocacola'),(132,'côco ralado'),(114,'cookie'),(28,'costela'),(115,'coxinha'),(116,'crocante'),(113,'delícia'),(194,'diet'),(52,'doce'),(127,'doce-de-leite'),(156,'docedeleite'),(38,'doces'),(117,'dourada'),(106,'empadinha'),(173,'espetinhoDeFrutas'),(187,'fit'),(171,'foundue'),(120,'framboesa'),(1,'frango'),(50,'frio'),(122,'frutas'),(44,'gelado'),(96,'geléia'),(170,'geleias'),(129,'gourmet'),(86,'hamburgerSoja'),(202,'hambúrguer'),(3,'hortela'),(7,'iogurte'),(109,'lanche'),(192,'light'),(130,'limão'),(188,'lowcarb'),(174,'macio'),(10,'manga'),(145,'maracujá'),(99,'mel'),(2,'melao'),(84,'milho'),(121,'morango'),(146,'mousse'),(153,'naoEhOQueParece'),(128,'Nutella'),(177,'ovo'),(201,'pacoca'),(103,'palmito'),(90,'pamonha'),(8,'panqueca'),(27,'pao'),(97,'paoSirio'),(175,'pascoa'),(39,'pastel'),(169,'patês'),(9,'pepino'),(101,'picolé'),(88,'pipoca'),(203,'pizza'),(157,'pote'),(25,'queijo'),(85,'queijoVeg'),(47,'quente'),(158,'red-velvet'),(37,'refrigerante'),(100,'risoto'),(118,'rosa'),(155,'saborosa'),(160,'saboroso'),(23,'salada'),(172,'saladaDeFruta'),(94,'saladadefrutas'),(42,'salgado'),(5,'salsinha'),(123,'saudável'),(125,'saude'),(193,'snack'),(189,'soja'),(40,'sorvete'),(105,'sorveteSemLactose'),(22,'suco'),(24,'tapioca'),(190,'tofu'),(102,'torta'),(98,'tortinha'),(159,'vaiEmMIcroondas'),(154,'veg'),(176,'vegan'),(147,'vermelhas'),(26,'vinho'),(95,'vitamina'),(41,'vodka'),(195,'yummy');
/*!40000 ALTER TABLE `tag` ENABLE KEYS */;
UNLOCK TABLES;

--
-- Table structure for table `usuario`
--

DROP TABLE IF EXISTS `usuario`;
/*!40101 SET @saved_cs_client     = @@character_set_client */;
/*!40101 SET character_set_client = utf8 */;
CREATE TABLE `usuario` (
  `id_usuario` bigint(20) NOT NULL AUTO_INCREMENT,
  `bloqueado` bit(1) NOT NULL,
  `cpf` varchar(11) NOT NULL,
  `data_nasc` datetime NOT NULL,
  `ddd` varchar(2) NOT NULL,
  `deletado` bit(1) NOT NULL,
  `email` varchar(256) NOT NULL,
  `fcm_token` varchar(152) DEFAULT NULL,
  `imagem_perfil` varchar(255) DEFAULT NULL,
  `nome` varchar(100) NOT NULL,
  `perfil` char(1) NOT NULL,
  `senha` varchar(255) DEFAULT NULL,
  `telefone` varchar(9) NOT NULL,
  `nota` float DEFAULT NULL,
  PRIMARY KEY (`id_usuario`),
  UNIQUE KEY `cpf` (`cpf`),
  UNIQUE KEY `UK_5171l57faosmj8myawaucatdw` (`email`)
) ENGINE=InnoDB AUTO_INCREMENT=47 DEFAULT CHARSET=latin1;
/*!40101 SET character_set_client = @saved_cs_client */;

--
-- Dumping data for table `usuario`
--

LOCK TABLES `usuario` WRITE;
/*!40000 ALTER TABLE `usuario` DISABLE KEYS */;
INSERT INTO `usuario` VALUES (1,'\0','61011745658','2001-12-16 22:00:00','49','\0','julia@email.com',NULL,'https://res.cloudinary.com/foodertcc/image/upload/w_500/v1510754103/b8lnwq7s8qk81ahngvoa.jpg','Julia Smith','V','123456','984645484',0),(2,'\0','45401035802','1996-03-31 21:00:00','19','\0','abender@outlook.com.br',NULL,'https://res.cloudinary.com/foodertcc/image/upload/w_500/v1510759364/yv4xkmxtnoqyzddajhhk.jpg','Aline Bender Dias','C','123456','982647829',0),(3,'','35101042854','1996-08-11 21:00:00','19','\0','clara@gmail.com',NULL,'http://res.cloudinary.com/foodertcc/image/upload/w_500/v1511117648/Screenshot_20171119-165026_buih1v.png','Clara Sheppard','V','123456','997868781',0),(4,'\0','18948878670','1972-02-28 21:00:00','19','\0','andrade.andrade@gmail.com',NULL,'https://res.cloudinary.com/foodertcc/image/upload/w_500/v1510770104/ikdulqdcfmyjqyonpj9a.jpg','Eder Andrade Dias','C','123456','987011726',0),(5,'\0','60860308715','1996-12-31 22:00:00','71','\0','sara@oemail.com',NULL,'https://res.cloudinary.com/foodertcc/image/upload/w_500/v1510755901/epa2pvgmldjstpxbvmxw.jpg','Sara Silva','V','123456','998685888',0),(6,'\0','88255353682','1976-12-25 21:00:00','19','\0','luzinete.bender@hotmail.com',NULL,'','Luzinete Bender Dias','C','123456','987023895',0),(7,'\0','00952873613','1999-03-02 21:00:00','19','\0','eliabe.bender@hotmail.com',NULL,'','Eliabe Bender Dias','C','123456','987023896',0),(8,'\0','52975014317','2001-01-08 22:00:00','19','\0','karolinebender@hotmail.com',NULL,'','Karoline Bender Dias','C','123456','991600146',0),(10,'\0','85495561147','1997-01-14 22:00:00','19','\0','fernandas@email.com',NULL,'https://res.cloudinary.com/foodertcc/image/upload/w_500/v1511116871/Screenshot_20171119-163219_mjtsax.png','Fernanda Souza','V','123456','635249973',4),(11,'\0','68857358178','1973-04-18 21:00:00','16','\0','liz@email.com',NULL,'https://res.cloudinary.com/foodertcc/image/upload/w_500/v1510770147/iafjo0mceiuuq0jhj6ij.png','Elisabeth Keen','V','123456','757546467',0),(12,'\0','79350162245','1992-07-14 21:00:00','13','\0','marcos@email.com',NULL,'https://res.cloudinary.com/foodertcc/image/upload/w_500/v1510770398/fy2bfwjd28kt9ewodcne.png','Marcos Cardoso','V','123456','787849464',0),(13,'\0','54195851114','1994-10-06 21:00:00','16','\0','paulo@email.com',NULL,'https://res.cloudinary.com/foodertcc/image/upload/w_500/v1510770579/ukeocsnrvhorwbpesd7p.jpg','Paulo Lavezo','V','123456','976454384',0),(14,'\0','18565208117','1987-11-23 22:00:00','12','\0','maria@email.com',NULL,'https://res.cloudinary.com/foodertcc/image/upload/w_500/v1511194169/gxdicsy0rybdbunh9xrb.png','Maria Melo','V','123456','494573800',0),(15,'\0','81466851538','1983-07-12 21:00:00','12','\0','marisa@email.com',NULL,'https://res.cloudinary.com/foodertcc/image/upload/w_500/v1510770974/ph3nid3oaqfojztye3yz.png','Marisa Barros','V','123456','946754048',0),(16,'\0','53938842067','1990-02-05 06:00:00','19','\0','v.cunha@email.com',NULL,'http://res.cloudinary.com/foodertcc/image/upload/w_500/v1510778051/wp6nr9y9neooy14lznc4.jpg','Vitor Cunha Barros','C','123456','929473927',0),(17,'\0','87596374042','1994-09-06 11:00:00','19','\0','camila.b@email.com',NULL,'http://res.cloudinary.com/foodertcc/image/upload/w_500/v1510778140/4_acmlzv.jpg','Camila Brachmann','C','123456','982057309',5),(18,'\0','89316546001','1997-10-11 16:00:00','19','\0','dan.pereira@email.com',NULL,'http://res.cloudinary.com/foodertcc/image/upload/w_500/v1510778109/3_orzrkx.jpg','Dandara Pereira','C','123456','928403947',0),(19,'\0','38122415016','1985-07-03 17:00:00','19','\0','kenan.lopez@email.com',NULL,'http://res.cloudinary.com/foodertcc/image/upload/w_500/v1510778008/2_hepqhr.jpg','Kenan Lopez Muniz','C','123456','949585202',0),(20,'\0','91859800050','1937-09-02 02:00:00','19','\0','plinio.v@email.com',NULL,'http://res.cloudinary.com/foodertcc/image/upload/w_500/v1510778179/5_fjy3xc.jpg','Plínio Vorobiov Silva','C','123456','928436602',0),(21,'\0','31468604490','1987-05-05 21:00:00','19','\0','larissae@email.com',NULL,'https://res.cloudinary.com/foodertcc/image/upload/w_500/v1511186705/zjdv1mciykpkdnpufoxf.jpg','Larissa Espinosa','V','123456','986558568',5),(22,'\0','71678896446','2001-11-13 00:00:00','18','\0','giovana@email.com',NULL,'','Giovana Lima','V','123456','946435653',0),(23,'\0','74135588158','1990-11-04 00:00:00','19','\0','roberto@email.com',NULL,'','Roberto Andrade','C','123456','996435021',0),(24,'\0','27565611000','1998-10-22 22:00:00','19','\0','ze@email.com',NULL,'https://res.cloudinary.com/foodertcc/image/upload/w_500/v1511040899/osxyxmhjsvmv3gjyrivq.jpg','Zé Silva','V','123456','981158518',0),(25,'\0','07578585460','1998-01-08 22:00:00','19','\0','bia@email.com',NULL,'https://res.cloudinary.com/foodertcc/image/upload/w_500/v1511041244/sgg41kttjo6efwiflty8.jpg','Bia Franco','C','123456','986586589',0),(26,'\0','98438224806','1994-01-12 22:00:00','19','\0','lia@email.com',NULL,'https://res.cloudinary.com/foodertcc/image/upload/w_500/v1511041540/mopbvfcdsjgpsnerwc11.jpg','Lia Camargo','V','123456','986584582',0),(27,'\0','20305997866','1992-09-16 21:00:00','19','\0','renato@email.com',NULL,'https://res.cloudinary.com/foodertcc/image/upload/w_500/v1511043057/kymlejy3qpvaylmvqwts.jpg','Renato Souza','V','123456','986525435',0),(28,'\0','12608105424','1992-04-22 21:00:00','19','\0','lais@email.com',NULL,'https://res.cloudinary.com/foodertcc/image/upload/w_500/v1511057660/zot739ach0jjvybvv0q2.jpg','Lais Costa','V','123456','986858286',0),(29,'\0','33200172681','2000-05-24 21:00:00','18','\0','carol@email.com',NULL,'https://res.cloudinary.com/foodertcc/image/upload/w_500/v1511057925/jo020hjsjvgticjfxq4l.jpg','Carol Branco','V','123456','985535686',0),(30,'\0','13659843890','1996-08-11 21:00:00','19','\0','joao@email.com',NULL,'https://res.cloudinary.com/foodertcc/image/upload/w_500/v1511040899/osxyxmhjsvmv3gjyrivq.jpg','João Martins','V','123456','996553637',0),(31,'\0','75841234730','2001-04-25 21:00:00','19','\0','jo@email.com',NULL,'https://res.cloudinary.com/foodertcc/image/upload/w_500/v1511106065/kbtdryxtdssatgbb4yo6.jpg','Joana','C','123456','986887748',0),(32,'\0','69356866600','2001-12-31 22:00:00','19','\0','teste@teste.teste',NULL,'https://res.cloudinary.com/foodertcc/image/upload/w_500/v1511106534/wlb5pserrpwbujugh1zm.jpg','Maria','C','123456','998523085',0),(33,'\0','67528801828','2001-02-23 21:00:00','19','\0','amanda@email.com',NULL,'https://res.cloudinary.com/foodertcc/image/upload/w_500/v1512326669/esw6rpcxxbqugasncedz.jpg','Amanda Braz','C','123456','694694846',5),(35,'\0','84613156858','1994-04-27 21:00:00','11','\0','sumie@email.com',NULL,'https://res.cloudinary.com/foodertcc/image/upload/w_500/v1511193618/oywzpxx7afks72mceupm.jpg','Sumie Kanawaga','C','123456','934876479',0),(36,'\0','65367568432','1995-11-14 00:00:00','19','\0','anam@email.com',NULL,'https://res.cloudinary.com/foodertcc/image/upload/v1511207304/hccd510ys1sdx9tputvf.jpg','Ana Maria','C','123456','981845675',0),(37,'\0','09009242846','1996-05-15 00:00:00','19','\0','nathalia@email.com',NULL,'https://res.cloudinary.com/foodertcc/image/upload/v1511207305/amxk7marsurwhmcloaov.png','Nathalia Dill','V','123456','976583285',0),(39,'\0','25562062097','1988-03-23 00:00:00','19','\0','anaa@email.com',NULL,'https://res.cloudinary.com/foodertcc/image/upload/v1511220284/tkziiazuj03u277hrr5g.jpg','Ana Andrade','V','12345.6','595859547',0),(40,'\0','66377318464','1995-01-27 00:00:00','19','\0','joantonio@email.com',NULL,'https://res.cloudinary.com/foodertcc/image/upload/v1511220284/f4klco8syiswvkpozunm.jpg','José Antônio','C','123456','989868569',0),(41,'\0','42892106516','1997-12-31 22:00:00','19','\0','biaz@email.com',NULL,'https://res.cloudinary.com/foodertcc/image/upload/v1511222321/yxh93joreaoqolrgmyzc.jpg','Bia Zad','C','123456','985487858',0),(42,'\0','15677471593','1997-06-02 21:00:00','19','\0','re@email.com',NULL,'https://res.cloudinary.com/foodertcc/image/upload/v1511222325/rnyyriivrzunfkdgumvq.jpg','Renato Silva','V','123456','985785888',0),(43,'\0','38408634305','1996-04-25 21:00:00','19','\0','so@email.com',NULL,'https://res.cloudinary.com/foodertcc/image/upload/v1511227228/ayiuvcsm4xhi6ejauzhb.jpg','Sofia Silva','V','123456','981547852',0),(44,'\0','05711802801','1998-08-19 21:00:00','19','\0','joce@email.com',NULL,'https://res.cloudinary.com/foodertcc/image/upload/v1511227442/n2962t6x5mtfbno95s9w.jpg','Jocelia Santos','C','123456','965847854',0),(45,'\0','13630611354','2002-01-01 00:00:00','19','\0','rhueara@gmail.com',NULL,'','Rafael','C','123321','988887777',0),(46,'\0','36991949817','2001-09-13 21:00:00','19','\0','amanda@gmail.com',NULL,'','amanda','V','123123','981287891',0);
/*!40000 ALTER TABLE `usuario` ENABLE KEYS */;
UNLOCK TABLES;

--
-- Table structure for table `vendedor`
--

DROP TABLE IF EXISTS `vendedor`;
/*!40101 SET @saved_cs_client     = @@character_set_client */;
/*!40101 SET character_set_client = utf8 */;
CREATE TABLE `vendedor` (
  `id_vendedor` bigint(20) NOT NULL AUTO_INCREMENT,
  `nome_fantasia` varchar(100) DEFAULT NULL,
  `fk_usuario` bigint(20) NOT NULL,
  PRIMARY KEY (`id_vendedor`),
  KEY `FK1tnhfoky9cpoa81r3lcirjmrk` (`fk_usuario`),
  CONSTRAINT `FK1tnhfoky9cpoa81r3lcirjmrk` FOREIGN KEY (`fk_usuario`) REFERENCES `usuario` (`id_usuario`)
) ENGINE=InnoDB AUTO_INCREMENT=20 DEFAULT CHARSET=latin1;
/*!40101 SET character_set_client = @saved_cs_client */;

--
-- Dumping data for table `vendedor`
--

LOCK TABLES `vendedor` WRITE;
/*!40000 ALTER TABLE `vendedor` DISABLE KEYS */;
INSERT INTO `vendedor` VALUES (1,'Cookies e Amor',1),(2,'Docinhos',3),(3,'Fernandinha',10),(4,'Keen store',11),(5,'',12),(6,'Variedades',13),(9,'',15),(10,'Lojinha da Lari',21),(11,'Sara Sweets',5),(12,'Loja da Maria',14),(13,'Giiii',22),(14,'Loja do João',30),(15,'Loja de doces',39),(18,'Sofia\'s choice',43),(19,'',46);
/*!40000 ALTER TABLE `vendedor` ENABLE KEYS */;
UNLOCK TABLES;

--
-- Table structure for table `vendedor_pagamento`
--

DROP TABLE IF EXISTS `vendedor_pagamento`;
/*!40101 SET @saved_cs_client     = @@character_set_client */;
/*!40101 SET character_set_client = utf8 */;
CREATE TABLE `vendedor_pagamento` (
  `id_vendedor` bigint(20) NOT NULL,
  `id_pagamento` bigint(20) NOT NULL,
  PRIMARY KEY (`id_vendedor`,`id_pagamento`),
  KEY `FK9isdn8qr2ij30n5rtc26x0j7g` (`id_pagamento`),
  CONSTRAINT `FK9isdn8qr2ij30n5rtc26x0j7g` FOREIGN KEY (`id_pagamento`) REFERENCES `pagamento` (`id_pagamento`),
  CONSTRAINT `FKjtctbcj74c6ac1rgqiulfw7rg` FOREIGN KEY (`id_vendedor`) REFERENCES `vendedor` (`id_vendedor`)
) ENGINE=InnoDB DEFAULT CHARSET=latin1;
/*!40101 SET character_set_client = @saved_cs_client */;

--
-- Dumping data for table `vendedor_pagamento`
--

LOCK TABLES `vendedor_pagamento` WRITE;
/*!40000 ALTER TABLE `vendedor_pagamento` DISABLE KEYS */;
INSERT INTO `vendedor_pagamento` VALUES (1,1),(2,1),(3,1),(6,1),(9,1),(10,1),(11,1),(12,1),(13,1),(14,1),(15,1),(18,1),(19,1),(1,2),(4,2),(5,2),(6,2),(9,2),(10,2),(12,2),(13,2),(15,2),(18,2),(19,2);
/*!40000 ALTER TABLE `vendedor_pagamento` ENABLE KEYS */;
UNLOCK TABLES;

--
-- Table structure for table `vendedores_favoritos`
--

DROP TABLE IF EXISTS `vendedores_favoritos`;
/*!40101 SET @saved_cs_client     = @@character_set_client */;
/*!40101 SET character_set_client = utf8 */;
CREATE TABLE `vendedores_favoritos` (
  `id_cliente` bigint(20) NOT NULL,
  `id_vendedor` bigint(20) NOT NULL,
  PRIMARY KEY (`id_cliente`,`id_vendedor`),
  KEY `FKmtknotsxiikhurldtdys1dr3` (`id_vendedor`),
  CONSTRAINT `FKhuuonou0pbpnp6lle5n6yw0ar` FOREIGN KEY (`id_cliente`) REFERENCES `cliente` (`id_cliente`),
  CONSTRAINT `FKmtknotsxiikhurldtdys1dr3` FOREIGN KEY (`id_vendedor`) REFERENCES `vendedor` (`id_vendedor`)
) ENGINE=InnoDB DEFAULT CHARSET=latin1;
/*!40101 SET character_set_client = @saved_cs_client */;

--
-- Dumping data for table `vendedores_favoritos`
--

LOCK TABLES `vendedores_favoritos` WRITE;
/*!40000 ALTER TABLE `vendedores_favoritos` DISABLE KEYS */;
INSERT INTO `vendedores_favoritos` VALUES (14,3),(14,4),(9,10),(14,10),(2,14),(9,14),(14,14),(9,18);
/*!40000 ALTER TABLE `vendedores_favoritos` ENABLE KEYS */;
UNLOCK TABLES;
/*!40103 SET TIME_ZONE=@OLD_TIME_ZONE */;

/*!40101 SET SQL_MODE=@OLD_SQL_MODE */;
/*!40014 SET FOREIGN_KEY_CHECKS=@OLD_FOREIGN_KEY_CHECKS */;
/*!40014 SET UNIQUE_CHECKS=@OLD_UNIQUE_CHECKS */;
/*!40101 SET CHARACTER_SET_CLIENT=@OLD_CHARACTER_SET_CLIENT */;
/*!40101 SET CHARACTER_SET_RESULTS=@OLD_CHARACTER_SET_RESULTS */;
/*!40101 SET COLLATION_CONNECTION=@OLD_COLLATION_CONNECTION */;
/*!40111 SET SQL_NOTES=@OLD_SQL_NOTES */;

-- Dump completed on 2018-07-03 23:55:27
